date,vnindex_close,usd_vnd_close,foreign_flow_bn_vnd,source_status
1/2/2018,964.67,22688,-196.3,ASSUMPTION_PLACEHOLDER_SERIES
1/3/2018,963.79,22680,1324.5,ASSUMPTION_PLACEHOLDER_SERIES
1/4/2018,981.59,22652,1019,ASSUMPTION_PLACEHOLDER_SERIES
1/5/2018,980.43,22670,-20.2,ASSUMPTION_PLACEHOLDER_SERIES
1/8/2018,968.14,22648,-439.5,ASSUMPTION_PLACEHOLDER_SERIES
1/9/2018,944.04,22703,-214.1,ASSUMPTION_PLACEHOLDER_SERIES
1/10/2018,948.24,22649,265,ASSUMPTION_PLACEHOLDER_SERIES
1/11/2018,944.25,22649,128.8,ASSUMPTION_PLACEHOLDER_SERIES
1/12/2018,947.3,22651,297.4,ASSUMPTION_PLACEHOLDER_SERIES
1/15/2018,955.91,22650,334.9,ASSUMPTION_PLACEHOLDER_SERIES
1/16/2018,962.16,22666,-261.8,ASSUMPTION_PLACEHOLDER_SERIES
1/17/2018,952,22722,-102.8,ASSUMPTION_PLACEHOLDER_SERIES
1/18/2018,973.47,22686,30.2,ASSUMPTION_PLACEHOLDER_SERIES
1/19/2018,974.35,22695,328.9,ASSUMPTION_PLACEHOLDER_SERIES
1/22/2018,954.53,22681,1088.7,ASSUMPTION_PLACEHOLDER_SERIES
1/23/2018,947.44,22672,-67.9,ASSUMPTION_PLACEHOLDER_SERIES
1/24/2018,942.69,22700,445.3,ASSUMPTION_PLACEHOLDER_SERIES
1/25/2018,944.35,22695,153.3,ASSUMPTION_PLACEHOLDER_SERIES
1/26/2018,940.02,22756,-387.5,ASSUMPTION_PLACEHOLDER_SERIES
1/29/2018,953.74,22747,-245.6,ASSUMPTION_PLACEHOLDER_SERIES
1/30/2018,928.54,22708,833.4,ASSUMPTION_PLACEHOLDER_SERIES
1/31/2018,936.61,22767,-572.4,ASSUMPTION_PLACEHOLDER_SERIES
2/1/2018,938.31,22719,-487.6,ASSUMPTION_PLACEHOLDER_SERIES
2/2/2018,947.01,22741,-130.5,ASSUMPTION_PLACEHOLDER_SERIES
2/5/2018,929.43,22701,294.5,ASSUMPTION_PLACEHOLDER_SERIES
2/6/2018,927.3,22702,-267.9,ASSUMPTION_PLACEHOLDER_SERIES
2/7/2018,928.85,22696,6.2,ASSUMPTION_PLACEHOLDER_SERIES
2/8/2018,921.59,22703,146.2,ASSUMPTION_PLACEHOLDER_SERIES
2/9/2018,929.46,22687,315.8,ASSUMPTION_PLACEHOLDER_SERIES
2/12/2018,934.91,22675,74.3,ASSUMPTION_PLACEHOLDER_SERIES
2/13/2018,933.95,22647,-545.7,ASSUMPTION_PLACEHOLDER_SERIES
2/14/2018,935.03,22649,-48.5,ASSUMPTION_PLACEHOLDER_SERIES
2/15/2018,914.25,22660,-355.5,ASSUMPTION_PLACEHOLDER_SERIES
2/16/2018,927.54,22613,-1193.5,ASSUMPTION_PLACEHOLDER_SERIES
2/19/2018,948.42,22625,-451.5,ASSUMPTION_PLACEHOLDER_SERIES
2/20/2018,962.67,22589,-440.4,ASSUMPTION_PLACEHOLDER_SERIES
2/21/2018,963.72,22582,-182.5,ASSUMPTION_PLACEHOLDER_SERIES
2/22/2018,966.94,22638,643.4,ASSUMPTION_PLACEHOLDER_SERIES
2/23/2018,968.57,22649,231.8,ASSUMPTION_PLACEHOLDER_SERIES
2/26/2018,962.26,22685,41.1,ASSUMPTION_PLACEHOLDER_SERIES
2/27/2018,948.19,22647,21.3,ASSUMPTION_PLACEHOLDER_SERIES
2/28/2018,959.36,22713,-431.7,ASSUMPTION_PLACEHOLDER_SERIES
3/1/2018,956.96,22663,-790.6,ASSUMPTION_PLACEHOLDER_SERIES
3/2/2018,948.49,22703,-415.7,ASSUMPTION_PLACEHOLDER_SERIES
3/5/2018,942.45,22721,277.5,ASSUMPTION_PLACEHOLDER_SERIES
3/6/2018,942.79,22741,534.5,ASSUMPTION_PLACEHOLDER_SERIES
3/7/2018,935.03,22722,-11.5,ASSUMPTION_PLACEHOLDER_SERIES
3/8/2018,934.27,22716,293.2,ASSUMPTION_PLACEHOLDER_SERIES
3/9/2018,926.01,22752,156.8,ASSUMPTION_PLACEHOLDER_SERIES
3/12/2018,936.7,22736,23.9,ASSUMPTION_PLACEHOLDER_SERIES
3/13/2018,946.34,22739,-490.9,ASSUMPTION_PLACEHOLDER_SERIES
3/14/2018,943.96,22775,-154.7,ASSUMPTION_PLACEHOLDER_SERIES
3/15/2018,927.76,22765,-480.1,ASSUMPTION_PLACEHOLDER_SERIES
3/16/2018,926.95,22784,-422,ASSUMPTION_PLACEHOLDER_SERIES
3/19/2018,913,22799,-541,ASSUMPTION_PLACEHOLDER_SERIES
3/20/2018,908.27,22767,179.2,ASSUMPTION_PLACEHOLDER_SERIES
3/21/2018,905.14,22778,-860.9,ASSUMPTION_PLACEHOLDER_SERIES
3/22/2018,903.38,22807,110.6,ASSUMPTION_PLACEHOLDER_SERIES
3/23/2018,895.72,22817,-220.8,ASSUMPTION_PLACEHOLDER_SERIES
3/26/2018,896.69,22847,130.8,ASSUMPTION_PLACEHOLDER_SERIES
3/27/2018,895.26,22856,96.1,ASSUMPTION_PLACEHOLDER_SERIES
3/28/2018,901.05,22865,820.3,ASSUMPTION_PLACEHOLDER_SERIES
3/29/2018,909.46,22860,341.6,ASSUMPTION_PLACEHOLDER_SERIES
3/30/2018,917.81,22881,-81.9,ASSUMPTION_PLACEHOLDER_SERIES
4/2/2018,912.53,22874,-124.8,ASSUMPTION_PLACEHOLDER_SERIES
4/3/2018,908.64,22890,43.9,ASSUMPTION_PLACEHOLDER_SERIES
4/4/2018,917.52,22887,-420,ASSUMPTION_PLACEHOLDER_SERIES
4/5/2018,911.05,22933,-653.6,ASSUMPTION_PLACEHOLDER_SERIES
4/6/2018,912.2,22933,289.8,ASSUMPTION_PLACEHOLDER_SERIES
4/9/2018,910.21,22943,-803.5,ASSUMPTION_PLACEHOLDER_SERIES
4/10/2018,903.74,22960,451.1,ASSUMPTION_PLACEHOLDER_SERIES
4/11/2018,899.6,23010,-38.3,ASSUMPTION_PLACEHOLDER_SERIES
4/12/2018,914.2,22966,-258.1,ASSUMPTION_PLACEHOLDER_SERIES
4/13/2018,922.68,22985,35,ASSUMPTION_PLACEHOLDER_SERIES
4/16/2018,939.02,23021,503.8,ASSUMPTION_PLACEHOLDER_SERIES
4/17/2018,953.48,23029,542.7,ASSUMPTION_PLACEHOLDER_SERIES
4/18/2018,969.08,23018,-132.2,ASSUMPTION_PLACEHOLDER_SERIES
4/19/2018,960.57,23052,-171.9,ASSUMPTION_PLACEHOLDER_SERIES
4/20/2018,984.05,23097,-708.9,ASSUMPTION_PLACEHOLDER_SERIES
4/23/2018,984.3,23104,157.3,ASSUMPTION_PLACEHOLDER_SERIES
4/24/2018,992.26,23131,355.9,ASSUMPTION_PLACEHOLDER_SERIES
4/25/2018,978.01,23075,178.5,ASSUMPTION_PLACEHOLDER_SERIES
4/26/2018,980.33,23110,-328.1,ASSUMPTION_PLACEHOLDER_SERIES
4/27/2018,974.59,23083,195.3,ASSUMPTION_PLACEHOLDER_SERIES
4/30/2018,966.53,23071,220.1,ASSUMPTION_PLACEHOLDER_SERIES
5/1/2018,961.76,23082,-50,ASSUMPTION_PLACEHOLDER_SERIES
5/2/2018,960.36,23077,182.2,ASSUMPTION_PLACEHOLDER_SERIES
5/3/2018,980.87,23087,853.6,ASSUMPTION_PLACEHOLDER_SERIES
5/4/2018,987.89,23086,-45,ASSUMPTION_PLACEHOLDER_SERIES
5/7/2018,1000.01,23083,1036,ASSUMPTION_PLACEHOLDER_SERIES
5/8/2018,993.48,23130,540,ASSUMPTION_PLACEHOLDER_SERIES
5/9/2018,976.94,23114,92.4,ASSUMPTION_PLACEHOLDER_SERIES
5/10/2018,985.3,23158,42.2,ASSUMPTION_PLACEHOLDER_SERIES
5/11/2018,981.3,23268,-136,ASSUMPTION_PLACEHOLDER_SERIES
5/14/2018,995.76,23298,487,ASSUMPTION_PLACEHOLDER_SERIES
5/15/2018,981.31,23307,132.5,ASSUMPTION_PLACEHOLDER_SERIES
5/16/2018,987.29,23390,-184.8,ASSUMPTION_PLACEHOLDER_SERIES
5/17/2018,990.82,23457,-577.7,ASSUMPTION_PLACEHOLDER_SERIES
5/18/2018,986.19,23400,-329.5,ASSUMPTION_PLACEHOLDER_SERIES
5/21/2018,997.5,23448,568.1,ASSUMPTION_PLACEHOLDER_SERIES
5/22/2018,1013.11,23416,-223.8,ASSUMPTION_PLACEHOLDER_SERIES
5/23/2018,1022.94,23363,-119.7,ASSUMPTION_PLACEHOLDER_SERIES
5/24/2018,1019.53,23372,-23.9,ASSUMPTION_PLACEHOLDER_SERIES
5/25/2018,990.39,23396,-18.2,ASSUMPTION_PLACEHOLDER_SERIES
5/28/2018,995.19,23384,140.4,ASSUMPTION_PLACEHOLDER_SERIES
5/29/2018,983.18,23391,-137.2,ASSUMPTION_PLACEHOLDER_SERIES
5/30/2018,988.02,23418,2.3,ASSUMPTION_PLACEHOLDER_SERIES
5/31/2018,989.63,23433,-46.1,ASSUMPTION_PLACEHOLDER_SERIES
6/1/2018,965,23465,-602.2,ASSUMPTION_PLACEHOLDER_SERIES
6/4/2018,944.27,23491,-525.9,ASSUMPTION_PLACEHOLDER_SERIES
6/5/2018,953.85,23493,311.8,ASSUMPTION_PLACEHOLDER_SERIES
6/6/2018,950.15,23525,-642.7,ASSUMPTION_PLACEHOLDER_SERIES
6/7/2018,953.51,23474,375.7,ASSUMPTION_PLACEHOLDER_SERIES
6/8/2018,944.56,23447,83.5,ASSUMPTION_PLACEHOLDER_SERIES
6/11/2018,939.84,23399,-58,ASSUMPTION_PLACEHOLDER_SERIES
6/12/2018,949.85,23361,273.9,ASSUMPTION_PLACEHOLDER_SERIES
6/13/2018,947.13,23296,-334.3,ASSUMPTION_PLACEHOLDER_SERIES
6/14/2018,952.53,23264,-604.1,ASSUMPTION_PLACEHOLDER_SERIES
6/15/2018,962.48,23240,-22.9,ASSUMPTION_PLACEHOLDER_SERIES
6/18/2018,976.79,23252,889.4,ASSUMPTION_PLACEHOLDER_SERIES
6/19/2018,991.84,23239,-897.2,ASSUMPTION_PLACEHOLDER_SERIES
6/20/2018,983.1,23295,85.1,ASSUMPTION_PLACEHOLDER_SERIES
6/21/2018,973.61,23253,792.6,ASSUMPTION_PLACEHOLDER_SERIES
6/22/2018,960.72,23230,734.8,ASSUMPTION_PLACEHOLDER_SERIES
6/25/2018,965.25,23255,1206.1,ASSUMPTION_PLACEHOLDER_SERIES
6/26/2018,1002.14,23228,451,ASSUMPTION_PLACEHOLDER_SERIES
6/27/2018,988.1,23252,346.6,ASSUMPTION_PLACEHOLDER_SERIES
6/28/2018,985.02,23290,-90.3,ASSUMPTION_PLACEHOLDER_SERIES
6/29/2018,1005.71,23252,-609.5,ASSUMPTION_PLACEHOLDER_SERIES
7/2/2018,1007.77,23221,-753.7,ASSUMPTION_PLACEHOLDER_SERIES
7/3/2018,993.21,23279,197.6,ASSUMPTION_PLACEHOLDER_SERIES
7/4/2018,993.15,23316,473.9,ASSUMPTION_PLACEHOLDER_SERIES
7/5/2018,1012.8,23290,-208.6,ASSUMPTION_PLACEHOLDER_SERIES
7/6/2018,1029.99,23244,584.1,ASSUMPTION_PLACEHOLDER_SERIES
7/9/2018,1027.47,23257,-872.7,ASSUMPTION_PLACEHOLDER_SERIES
7/10/2018,1033.03,23192,140.5,ASSUMPTION_PLACEHOLDER_SERIES
7/11/2018,1014.75,23168,468.6,ASSUMPTION_PLACEHOLDER_SERIES
7/12/2018,1032.68,23160,339.5,ASSUMPTION_PLACEHOLDER_SERIES
7/13/2018,1053.5,23178,178.7,ASSUMPTION_PLACEHOLDER_SERIES
7/16/2018,1035.2,23175,385.8,ASSUMPTION_PLACEHOLDER_SERIES
7/17/2018,1020.16,23199,409.6,ASSUMPTION_PLACEHOLDER_SERIES
7/18/2018,1025.5,23273,108.1,ASSUMPTION_PLACEHOLDER_SERIES
7/19/2018,1017.21,23257,73.4,ASSUMPTION_PLACEHOLDER_SERIES
7/20/2018,1027.17,23201,-910.8,ASSUMPTION_PLACEHOLDER_SERIES
7/23/2018,1040.28,23282,187.1,ASSUMPTION_PLACEHOLDER_SERIES
7/24/2018,1046.29,23198,88.7,ASSUMPTION_PLACEHOLDER_SERIES
7/25/2018,1033.92,23224,-628.5,ASSUMPTION_PLACEHOLDER_SERIES
7/26/2018,1021.82,23258,-943.6,ASSUMPTION_PLACEHOLDER_SERIES
7/27/2018,1026.32,23257,137.3,ASSUMPTION_PLACEHOLDER_SERIES
7/30/2018,1030.5,23252,975.1,ASSUMPTION_PLACEHOLDER_SERIES
7/31/2018,1041.54,23285,-167.7,ASSUMPTION_PLACEHOLDER_SERIES
8/1/2018,1046.95,23310,457.3,ASSUMPTION_PLACEHOLDER_SERIES
8/2/2018,1036.78,23302,-56.7,ASSUMPTION_PLACEHOLDER_SERIES
8/3/2018,1011.65,23282,157.8,ASSUMPTION_PLACEHOLDER_SERIES
8/6/2018,1010.95,23200,380.2,ASSUMPTION_PLACEHOLDER_SERIES
8/7/2018,1017.98,23242,360.9,ASSUMPTION_PLACEHOLDER_SERIES
8/8/2018,1034.98,23220,567.1,ASSUMPTION_PLACEHOLDER_SERIES
8/9/2018,1037.35,23225,-97.9,ASSUMPTION_PLACEHOLDER_SERIES
8/10/2018,1018.14,23219,453,ASSUMPTION_PLACEHOLDER_SERIES
8/13/2018,1007.1,23185,-607.3,ASSUMPTION_PLACEHOLDER_SERIES
8/14/2018,994.85,23133,-347.7,ASSUMPTION_PLACEHOLDER_SERIES
8/15/2018,990.56,23191,-133.4,ASSUMPTION_PLACEHOLDER_SERIES
8/16/2018,988.91,23249,1070.8,ASSUMPTION_PLACEHOLDER_SERIES
8/17/2018,993.81,23229,-125.8,ASSUMPTION_PLACEHOLDER_SERIES
8/20/2018,995.24,23245,-572.1,ASSUMPTION_PLACEHOLDER_SERIES
8/21/2018,1015.13,23264,-155.2,ASSUMPTION_PLACEHOLDER_SERIES
8/22/2018,1020.16,23225,-22.5,ASSUMPTION_PLACEHOLDER_SERIES
8/23/2018,1027.76,23193,-35.4,ASSUMPTION_PLACEHOLDER_SERIES
8/24/2018,1038.87,23149,-22.7,ASSUMPTION_PLACEHOLDER_SERIES
8/27/2018,1040.21,23152,-212.8,ASSUMPTION_PLACEHOLDER_SERIES
8/28/2018,1044.48,23167,-342.9,ASSUMPTION_PLACEHOLDER_SERIES
8/29/2018,1036.33,23242,-60.7,ASSUMPTION_PLACEHOLDER_SERIES
8/30/2018,1027.91,23210,-208.4,ASSUMPTION_PLACEHOLDER_SERIES
8/31/2018,1033.91,23245,-351,ASSUMPTION_PLACEHOLDER_SERIES
9/3/2018,1021.07,23215,-556.7,ASSUMPTION_PLACEHOLDER_SERIES
9/4/2018,1008.2,23201,36.8,ASSUMPTION_PLACEHOLDER_SERIES
9/5/2018,1004.83,23162,-442.2,ASSUMPTION_PLACEHOLDER_SERIES
9/6/2018,1004.38,23168,540.8,ASSUMPTION_PLACEHOLDER_SERIES
9/7/2018,1001.1,23121,-247.6,ASSUMPTION_PLACEHOLDER_SERIES
9/10/2018,1012.98,23141,53.5,ASSUMPTION_PLACEHOLDER_SERIES
9/11/2018,1016.82,23143,-356.2,ASSUMPTION_PLACEHOLDER_SERIES
9/12/2018,1013.95,23177,-137.2,ASSUMPTION_PLACEHOLDER_SERIES
9/13/2018,1022.05,23112,630.2,ASSUMPTION_PLACEHOLDER_SERIES
9/14/2018,1024.14,23080,216.9,ASSUMPTION_PLACEHOLDER_SERIES
9/17/2018,1003.95,23069,663.1,ASSUMPTION_PLACEHOLDER_SERIES
9/18/2018,995.75,23053,371.1,ASSUMPTION_PLACEHOLDER_SERIES
9/19/2018,998.08,23091,1106.5,ASSUMPTION_PLACEHOLDER_SERIES
9/20/2018,995.26,23107,-406.6,ASSUMPTION_PLACEHOLDER_SERIES
9/21/2018,1006.52,23137,188.6,ASSUMPTION_PLACEHOLDER_SERIES
9/24/2018,1010.96,23139,318.4,ASSUMPTION_PLACEHOLDER_SERIES
9/25/2018,998.83,23165,-357.4,ASSUMPTION_PLACEHOLDER_SERIES
9/26/2018,981.82,23154,359,ASSUMPTION_PLACEHOLDER_SERIES
9/27/2018,983.17,23133,427.4,ASSUMPTION_PLACEHOLDER_SERIES
9/28/2018,988.32,23169,-743,ASSUMPTION_PLACEHOLDER_SERIES
10/1/2018,989.11,23168,-342.4,ASSUMPTION_PLACEHOLDER_SERIES
10/2/2018,1001.91,23172,161.9,ASSUMPTION_PLACEHOLDER_SERIES
10/3/2018,988.64,23221,-228.2,ASSUMPTION_PLACEHOLDER_SERIES
10/4/2018,996.59,23189,-357,ASSUMPTION_PLACEHOLDER_SERIES
10/5/2018,988.74,23208,873.9,ASSUMPTION_PLACEHOLDER_SERIES
10/8/2018,1000.22,23193,527.1,ASSUMPTION_PLACEHOLDER_SERIES
10/9/2018,991.3,23182,1.8,ASSUMPTION_PLACEHOLDER_SERIES
10/10/2018,980.31,23126,-331.6,ASSUMPTION_PLACEHOLDER_SERIES
10/11/2018,996.61,23092,253.2,ASSUMPTION_PLACEHOLDER_SERIES
10/12/2018,999.86,23079,-285.6,ASSUMPTION_PLACEHOLDER_SERIES
10/15/2018,1008.83,23038,-414.1,ASSUMPTION_PLACEHOLDER_SERIES
10/16/2018,1011.86,23090,58.7,ASSUMPTION_PLACEHOLDER_SERIES
10/17/2018,1020.48,23086,-7.2,ASSUMPTION_PLACEHOLDER_SERIES
10/18/2018,1017.24,23072,554.7,ASSUMPTION_PLACEHOLDER_SERIES
10/19/2018,1023.48,23102,-832.6,ASSUMPTION_PLACEHOLDER_SERIES
10/22/2018,1028.37,23099,-143.1,ASSUMPTION_PLACEHOLDER_SERIES
10/23/2018,1010.13,23069,-5.7,ASSUMPTION_PLACEHOLDER_SERIES
10/24/2018,1003.41,23015,835.7,ASSUMPTION_PLACEHOLDER_SERIES
10/25/2018,1010.61,23034,-280.3,ASSUMPTION_PLACEHOLDER_SERIES
10/26/2018,1025.99,22986,-131.1,ASSUMPTION_PLACEHOLDER_SERIES
10/29/2018,1021.82,23017,312.8,ASSUMPTION_PLACEHOLDER_SERIES
10/30/2018,997.28,23017,397.5,ASSUMPTION_PLACEHOLDER_SERIES
10/31/2018,1005.68,23007,8.5,ASSUMPTION_PLACEHOLDER_SERIES
11/1/2018,1002.48,23018,542.8,ASSUMPTION_PLACEHOLDER_SERIES
11/2/2018,1012.51,23054,-474.7,ASSUMPTION_PLACEHOLDER_SERIES
11/5/2018,1008.57,23067,280.6,ASSUMPTION_PLACEHOLDER_SERIES
11/6/2018,1003.21,23025,-220.9,ASSUMPTION_PLACEHOLDER_SERIES
11/7/2018,1016.53,22980,-154.8,ASSUMPTION_PLACEHOLDER_SERIES
11/8/2018,1024.05,22908,-254.7,ASSUMPTION_PLACEHOLDER_SERIES
11/9/2018,1032.05,22919,-98.2,ASSUMPTION_PLACEHOLDER_SERIES
11/12/2018,1046.59,22906,640.6,ASSUMPTION_PLACEHOLDER_SERIES
11/13/2018,1025.8,22871,-24.2,ASSUMPTION_PLACEHOLDER_SERIES
11/14/2018,1042.48,22812,-112.6,ASSUMPTION_PLACEHOLDER_SERIES
11/15/2018,1032.87,22826,248.2,ASSUMPTION_PLACEHOLDER_SERIES
11/16/2018,1049.83,22853,722.2,ASSUMPTION_PLACEHOLDER_SERIES
11/19/2018,1059.91,22844,204.8,ASSUMPTION_PLACEHOLDER_SERIES
11/20/2018,1056.99,22779,-273.1,ASSUMPTION_PLACEHOLDER_SERIES
11/21/2018,1035.95,22748,-383.4,ASSUMPTION_PLACEHOLDER_SERIES
11/22/2018,1040.05,22758,-369.2,ASSUMPTION_PLACEHOLDER_SERIES
11/23/2018,1011.41,22754,-139.6,ASSUMPTION_PLACEHOLDER_SERIES
11/26/2018,1002.31,22806,696.4,ASSUMPTION_PLACEHOLDER_SERIES
11/27/2018,982.8,22798,133.6,ASSUMPTION_PLACEHOLDER_SERIES
11/28/2018,985.43,22781,353,ASSUMPTION_PLACEHOLDER_SERIES
11/29/2018,988.25,22801,-69.6,ASSUMPTION_PLACEHOLDER_SERIES
11/30/2018,986.98,22812,-245.9,ASSUMPTION_PLACEHOLDER_SERIES
12/3/2018,978.25,22871,293.2,ASSUMPTION_PLACEHOLDER_SERIES
12/4/2018,979.91,22914,274.6,ASSUMPTION_PLACEHOLDER_SERIES
12/5/2018,957.29,22899,325.9,ASSUMPTION_PLACEHOLDER_SERIES
12/6/2018,977.91,22894,642.9,ASSUMPTION_PLACEHOLDER_SERIES
12/7/2018,968.04,22918,-287.4,ASSUMPTION_PLACEHOLDER_SERIES
12/10/2018,990.12,22915,480.8,ASSUMPTION_PLACEHOLDER_SERIES
12/11/2018,979.02,22927,416.5,ASSUMPTION_PLACEHOLDER_SERIES
12/12/2018,1005.06,22992,331.9,ASSUMPTION_PLACEHOLDER_SERIES
12/13/2018,1003.76,22948,-397.3,ASSUMPTION_PLACEHOLDER_SERIES
12/14/2018,1029.76,22962,-133.8,ASSUMPTION_PLACEHOLDER_SERIES
12/17/2018,1024.9,22915,-109.5,ASSUMPTION_PLACEHOLDER_SERIES
12/18/2018,1032.82,22915,687.9,ASSUMPTION_PLACEHOLDER_SERIES
12/19/2018,1039.01,22909,-219.4,ASSUMPTION_PLACEHOLDER_SERIES
12/20/2018,1064.17,22885,-32.6,ASSUMPTION_PLACEHOLDER_SERIES
12/21/2018,1053.55,22922,564.9,ASSUMPTION_PLACEHOLDER_SERIES
12/24/2018,1060.13,22909,301.2,ASSUMPTION_PLACEHOLDER_SERIES
12/25/2018,1048.21,22920,-129.2,ASSUMPTION_PLACEHOLDER_SERIES
12/26/2018,1050.62,22924,336.1,ASSUMPTION_PLACEHOLDER_SERIES
12/27/2018,1043.17,22900,365.6,ASSUMPTION_PLACEHOLDER_SERIES
12/28/2018,1036.67,22934,602.3,ASSUMPTION_PLACEHOLDER_SERIES
12/31/2018,1020.97,22906,-22.5,ASSUMPTION_PLACEHOLDER_SERIES
1/1/2019,1029.89,22867,158.8,ASSUMPTION_PLACEHOLDER_SERIES
1/2/2019,1049.48,22874,1212.5,ASSUMPTION_PLACEHOLDER_SERIES
1/3/2019,1055.65,22984,307.4,ASSUMPTION_PLACEHOLDER_SERIES
1/4/2019,1061.73,22945,67.7,ASSUMPTION_PLACEHOLDER_SERIES
1/7/2019,1058.25,22934,325,ASSUMPTION_PLACEHOLDER_SERIES
1/8/2019,1066.32,22978,-575.2,ASSUMPTION_PLACEHOLDER_SERIES
1/9/2019,1059.56,22943,-851,ASSUMPTION_PLACEHOLDER_SERIES
1/10/2019,1073.44,22938,-41.6,ASSUMPTION_PLACEHOLDER_SERIES
1/11/2019,1067.31,22986,-88.6,ASSUMPTION_PLACEHOLDER_SERIES
1/14/2019,1053.52,22983,170.2,ASSUMPTION_PLACEHOLDER_SERIES
1/15/2019,1053.53,22986,-521.2,ASSUMPTION_PLACEHOLDER_SERIES
1/16/2019,1053.27,23029,-165.8,ASSUMPTION_PLACEHOLDER_SERIES
1/17/2019,1039.97,22958,70.8,ASSUMPTION_PLACEHOLDER_SERIES
1/18/2019,1034.99,22959,152,ASSUMPTION_PLACEHOLDER_SERIES
1/21/2019,1025.03,22931,-105.4,ASSUMPTION_PLACEHOLDER_SERIES
1/22/2019,1028.54,22908,481.6,ASSUMPTION_PLACEHOLDER_SERIES
1/23/2019,1029.47,22882,-57.3,ASSUMPTION_PLACEHOLDER_SERIES
1/24/2019,1033.58,22857,242.8,ASSUMPTION_PLACEHOLDER_SERIES
1/25/2019,1029.44,22884,327.6,ASSUMPTION_PLACEHOLDER_SERIES
1/28/2019,1026.37,22906,-286.4,ASSUMPTION_PLACEHOLDER_SERIES
1/29/2019,1026.11,22883,-157,ASSUMPTION_PLACEHOLDER_SERIES
1/30/2019,1028.43,22908,350.9,ASSUMPTION_PLACEHOLDER_SERIES
1/31/2019,1040.07,22913,-18.8,ASSUMPTION_PLACEHOLDER_SERIES
2/1/2019,1044.93,22971,-32.7,ASSUMPTION_PLACEHOLDER_SERIES
2/4/2019,1046.16,22960,520.4,ASSUMPTION_PLACEHOLDER_SERIES
2/5/2019,1045.38,23000,-202.6,ASSUMPTION_PLACEHOLDER_SERIES
2/6/2019,1041.63,22976,770.7,ASSUMPTION_PLACEHOLDER_SERIES
2/7/2019,1031.63,23037,887.6,ASSUMPTION_PLACEHOLDER_SERIES
2/8/2019,1035.19,23082,-357.7,ASSUMPTION_PLACEHOLDER_SERIES
2/11/2019,1037.75,23068,457.3,ASSUMPTION_PLACEHOLDER_SERIES
2/12/2019,1023,23076,-287,ASSUMPTION_PLACEHOLDER_SERIES
2/13/2019,1018.47,23060,302.9,ASSUMPTION_PLACEHOLDER_SERIES
2/14/2019,1029.82,23106,-208.9,ASSUMPTION_PLACEHOLDER_SERIES
2/15/2019,1039.94,23166,-287.3,ASSUMPTION_PLACEHOLDER_SERIES
2/18/2019,1040.64,23099,-148.1,ASSUMPTION_PLACEHOLDER_SERIES
2/19/2019,1053.1,23077,-1030.2,ASSUMPTION_PLACEHOLDER_SERIES
2/20/2019,1047,23039,307.7,ASSUMPTION_PLACEHOLDER_SERIES
2/21/2019,1051.1,23065,-1058.6,ASSUMPTION_PLACEHOLDER_SERIES
2/22/2019,1048.45,23049,356.4,ASSUMPTION_PLACEHOLDER_SERIES
2/25/2019,1063.81,23136,485,ASSUMPTION_PLACEHOLDER_SERIES
2/26/2019,1064.64,23118,59.5,ASSUMPTION_PLACEHOLDER_SERIES
2/27/2019,1071.92,23140,-499.7,ASSUMPTION_PLACEHOLDER_SERIES
2/28/2019,1088.95,23168,-334.6,ASSUMPTION_PLACEHOLDER_SERIES
3/1/2019,1074.93,23220,-183.9,ASSUMPTION_PLACEHOLDER_SERIES
3/4/2019,1077.39,23239,94.1,ASSUMPTION_PLACEHOLDER_SERIES
3/5/2019,1098.04,23198,151.9,ASSUMPTION_PLACEHOLDER_SERIES
3/6/2019,1087.24,23224,817.8,ASSUMPTION_PLACEHOLDER_SERIES
3/7/2019,1089.2,23212,771,ASSUMPTION_PLACEHOLDER_SERIES
3/8/2019,1101.88,23214,-318.2,ASSUMPTION_PLACEHOLDER_SERIES
3/11/2019,1112.66,23212,-213,ASSUMPTION_PLACEHOLDER_SERIES
3/12/2019,1116.79,23204,-1.6,ASSUMPTION_PLACEHOLDER_SERIES
3/13/2019,1098.76,23181,292.1,ASSUMPTION_PLACEHOLDER_SERIES
3/14/2019,1072.27,23107,318,ASSUMPTION_PLACEHOLDER_SERIES
3/15/2019,1061.5,23117,-683.5,ASSUMPTION_PLACEHOLDER_SERIES
3/18/2019,1054.1,23138,72.7,ASSUMPTION_PLACEHOLDER_SERIES
3/19/2019,1054.11,23069,-149,ASSUMPTION_PLACEHOLDER_SERIES
3/20/2019,1067.49,23101,430.8,ASSUMPTION_PLACEHOLDER_SERIES
3/21/2019,1078.41,23097,-294.1,ASSUMPTION_PLACEHOLDER_SERIES
3/22/2019,1060.91,23114,-341.1,ASSUMPTION_PLACEHOLDER_SERIES
3/25/2019,1080.76,23180,373.7,ASSUMPTION_PLACEHOLDER_SERIES
3/26/2019,1101.67,23184,56.7,ASSUMPTION_PLACEHOLDER_SERIES
3/27/2019,1107.78,23123,-457.5,ASSUMPTION_PLACEHOLDER_SERIES
3/28/2019,1089.97,23165,602.7,ASSUMPTION_PLACEHOLDER_SERIES
3/29/2019,1088.12,23159,406.7,ASSUMPTION_PLACEHOLDER_SERIES
4/1/2019,1082.76,23130,-369.1,ASSUMPTION_PLACEHOLDER_SERIES
4/2/2019,1070.94,23124,131,ASSUMPTION_PLACEHOLDER_SERIES
4/3/2019,1067.94,23117,-557.9,ASSUMPTION_PLACEHOLDER_SERIES
4/4/2019,1058.62,23154,-21.9,ASSUMPTION_PLACEHOLDER_SERIES
4/5/2019,1056.29,23105,-139.1,ASSUMPTION_PLACEHOLDER_SERIES
4/8/2019,1054.15,23137,-439.8,ASSUMPTION_PLACEHOLDER_SERIES
4/9/2019,1062.57,23131,131.6,ASSUMPTION_PLACEHOLDER_SERIES
4/10/2019,1077.81,23136,579.4,ASSUMPTION_PLACEHOLDER_SERIES
4/11/2019,1087.51,23186,470.7,ASSUMPTION_PLACEHOLDER_SERIES
4/12/2019,1083.99,23206,8.4,ASSUMPTION_PLACEHOLDER_SERIES
4/15/2019,1095.45,23186,-338.3,ASSUMPTION_PLACEHOLDER_SERIES
4/16/2019,1097.35,23176,518,ASSUMPTION_PLACEHOLDER_SERIES
4/17/2019,1103.36,23119,-48.4,ASSUMPTION_PLACEHOLDER_SERIES
4/18/2019,1118.91,23114,-183.9,ASSUMPTION_PLACEHOLDER_SERIES
4/19/2019,1125.4,23148,632.1,ASSUMPTION_PLACEHOLDER_SERIES
4/22/2019,1147.16,23164,-133.3,ASSUMPTION_PLACEHOLDER_SERIES
4/23/2019,1166.6,23110,606.3,ASSUMPTION_PLACEHOLDER_SERIES
4/24/2019,1163.45,23120,219.6,ASSUMPTION_PLACEHOLDER_SERIES
4/25/2019,1163.53,23137,-616.7,ASSUMPTION_PLACEHOLDER_SERIES
4/26/2019,1166.82,23146,159.7,ASSUMPTION_PLACEHOLDER_SERIES
4/29/2019,1168.64,23113,-440.3,ASSUMPTION_PLACEHOLDER_SERIES
4/30/2019,1176.64,23138,-433.6,ASSUMPTION_PLACEHOLDER_SERIES
5/1/2019,1160.46,23097,-40.4,ASSUMPTION_PLACEHOLDER_SERIES
5/2/2019,1152.4,23088,-754,ASSUMPTION_PLACEHOLDER_SERIES
5/3/2019,1170.73,23055,-375.8,ASSUMPTION_PLACEHOLDER_SERIES
5/6/2019,1174.1,23050,191.1,ASSUMPTION_PLACEHOLDER_SERIES
5/7/2019,1169.5,23019,-130,ASSUMPTION_PLACEHOLDER_SERIES
5/8/2019,1151.95,23050,229.8,ASSUMPTION_PLACEHOLDER_SERIES
5/9/2019,1137.47,23045,104.3,ASSUMPTION_PLACEHOLDER_SERIES
5/10/2019,1146.4,23026,-514.5,ASSUMPTION_PLACEHOLDER_SERIES
5/13/2019,1134.43,23086,400.1,ASSUMPTION_PLACEHOLDER_SERIES
5/14/2019,1130.16,23028,-554.2,ASSUMPTION_PLACEHOLDER_SERIES
5/15/2019,1134.38,23011,-56.5,ASSUMPTION_PLACEHOLDER_SERIES
5/16/2019,1127.52,22914,249.5,ASSUMPTION_PLACEHOLDER_SERIES
5/17/2019,1121.6,22931,-693.3,ASSUMPTION_PLACEHOLDER_SERIES
5/20/2019,1119.83,22957,424.6,ASSUMPTION_PLACEHOLDER_SERIES
5/21/2019,1111.65,22952,-167.3,ASSUMPTION_PLACEHOLDER_SERIES
5/22/2019,1096.88,22894,522.7,ASSUMPTION_PLACEHOLDER_SERIES
5/23/2019,1103.41,22886,-200.7,ASSUMPTION_PLACEHOLDER_SERIES
5/24/2019,1111.29,22865,-277.6,ASSUMPTION_PLACEHOLDER_SERIES
5/27/2019,1099.63,22850,704.6,ASSUMPTION_PLACEHOLDER_SERIES
5/28/2019,1107.47,22839,110.5,ASSUMPTION_PLACEHOLDER_SERIES
5/29/2019,1111.27,22829,376.7,ASSUMPTION_PLACEHOLDER_SERIES
5/30/2019,1094.97,22839,26.7,ASSUMPTION_PLACEHOLDER_SERIES
5/31/2019,1101.35,22840,-219.7,ASSUMPTION_PLACEHOLDER_SERIES
6/3/2019,1115.84,22840,-970.2,ASSUMPTION_PLACEHOLDER_SERIES
6/4/2019,1117.96,22820,464.1,ASSUMPTION_PLACEHOLDER_SERIES
6/5/2019,1141.58,22804,-66.1,ASSUMPTION_PLACEHOLDER_SERIES
6/6/2019,1145.25,22816,-42.4,ASSUMPTION_PLACEHOLDER_SERIES
6/7/2019,1155.17,22808,-579.5,ASSUMPTION_PLACEHOLDER_SERIES
6/10/2019,1152.11,22850,517.9,ASSUMPTION_PLACEHOLDER_SERIES
6/11/2019,1144.29,22836,769.8,ASSUMPTION_PLACEHOLDER_SERIES
6/12/2019,1128.03,22894,-871.2,ASSUMPTION_PLACEHOLDER_SERIES
6/13/2019,1138.42,22881,227.1,ASSUMPTION_PLACEHOLDER_SERIES
6/14/2019,1139.84,22847,-840.3,ASSUMPTION_PLACEHOLDER_SERIES
6/17/2019,1138.99,22917,318.9,ASSUMPTION_PLACEHOLDER_SERIES
6/18/2019,1148.41,22837,193.3,ASSUMPTION_PLACEHOLDER_SERIES
6/19/2019,1146.24,22820,390.9,ASSUMPTION_PLACEHOLDER_SERIES
6/20/2019,1140.96,22795,43.1,ASSUMPTION_PLACEHOLDER_SERIES
6/21/2019,1155.8,22815,625.7,ASSUMPTION_PLACEHOLDER_SERIES
6/24/2019,1150.96,22795,97.8,ASSUMPTION_PLACEHOLDER_SERIES
6/25/2019,1132.03,22794,-217.6,ASSUMPTION_PLACEHOLDER_SERIES
6/26/2019,1135.98,22741,-81.6,ASSUMPTION_PLACEHOLDER_SERIES
6/27/2019,1118.26,22740,-359.7,ASSUMPTION_PLACEHOLDER_SERIES
6/28/2019,1113.61,22737,821.9,ASSUMPTION_PLACEHOLDER_SERIES
7/1/2019,1114.05,22707,222.5,ASSUMPTION_PLACEHOLDER_SERIES
7/2/2019,1129.1,22724,-112.6,ASSUMPTION_PLACEHOLDER_SERIES
7/3/2019,1135.8,22759,-334,ASSUMPTION_PLACEHOLDER_SERIES
7/4/2019,1125.95,22717,-1513,ASSUMPTION_PLACEHOLDER_SERIES
7/5/2019,1113.31,22759,-430.9,ASSUMPTION_PLACEHOLDER_SERIES
7/8/2019,1106.93,22730,-31.5,ASSUMPTION_PLACEHOLDER_SERIES
7/9/2019,1123.44,22703,455.2,ASSUMPTION_PLACEHOLDER_SERIES
7/10/2019,1136.86,22732,-738.1,ASSUMPTION_PLACEHOLDER_SERIES
7/11/2019,1145.98,22706,-91.4,ASSUMPTION_PLACEHOLDER_SERIES
7/12/2019,1163.94,22675,172.4,ASSUMPTION_PLACEHOLDER_SERIES
7/15/2019,1190.66,22726,-122.1,ASSUMPTION_PLACEHOLDER_SERIES
7/16/2019,1217.24,22767,-222.1,ASSUMPTION_PLACEHOLDER_SERIES
7/17/2019,1212.91,22780,306.6,ASSUMPTION_PLACEHOLDER_SERIES
7/18/2019,1200.17,22746,59.1,ASSUMPTION_PLACEHOLDER_SERIES
7/19/2019,1186,22721,-421.4,ASSUMPTION_PLACEHOLDER_SERIES
7/22/2019,1179.56,22719,694.9,ASSUMPTION_PLACEHOLDER_SERIES
7/23/2019,1176.73,22695,-662.7,ASSUMPTION_PLACEHOLDER_SERIES
7/24/2019,1190.56,22669,434.6,ASSUMPTION_PLACEHOLDER_SERIES
7/25/2019,1206.11,22645,106.3,ASSUMPTION_PLACEHOLDER_SERIES
7/26/2019,1210.58,22605,443.2,ASSUMPTION_PLACEHOLDER_SERIES
7/29/2019,1233.27,22613,-137.7,ASSUMPTION_PLACEHOLDER_SERIES
7/30/2019,1223.39,22718,275.1,ASSUMPTION_PLACEHOLDER_SERIES
7/31/2019,1209.32,22751,400.5,ASSUMPTION_PLACEHOLDER_SERIES
8/1/2019,1196.86,22822,-621.4,ASSUMPTION_PLACEHOLDER_SERIES
8/2/2019,1209.8,22812,-44.8,ASSUMPTION_PLACEHOLDER_SERIES
8/5/2019,1190.9,22786,-773.6,ASSUMPTION_PLACEHOLDER_SERIES
8/6/2019,1184.77,22806,226.6,ASSUMPTION_PLACEHOLDER_SERIES
8/7/2019,1175.44,22784,143.8,ASSUMPTION_PLACEHOLDER_SERIES
8/8/2019,1182.51,22830,-459.1,ASSUMPTION_PLACEHOLDER_SERIES
8/9/2019,1183.25,22915,-627.2,ASSUMPTION_PLACEHOLDER_SERIES
8/12/2019,1186.06,22934,-51.4,ASSUMPTION_PLACEHOLDER_SERIES
8/13/2019,1179.26,22932,2,ASSUMPTION_PLACEHOLDER_SERIES
8/14/2019,1177,22918,264.5,ASSUMPTION_PLACEHOLDER_SERIES
8/15/2019,1175.18,22959,62.9,ASSUMPTION_PLACEHOLDER_SERIES
8/16/2019,1173.58,22960,479.4,ASSUMPTION_PLACEHOLDER_SERIES
8/19/2019,1180.76,22985,429.8,ASSUMPTION_PLACEHOLDER_SERIES
8/20/2019,1171.29,23000,588.3,ASSUMPTION_PLACEHOLDER_SERIES
8/21/2019,1186.88,23052,17.6,ASSUMPTION_PLACEHOLDER_SERIES
8/22/2019,1177.04,23031,-130.8,ASSUMPTION_PLACEHOLDER_SERIES
8/23/2019,1161.45,23046,470.8,ASSUMPTION_PLACEHOLDER_SERIES
8/26/2019,1157.76,23038,319,ASSUMPTION_PLACEHOLDER_SERIES
8/27/2019,1170.7,23007,196.4,ASSUMPTION_PLACEHOLDER_SERIES
8/28/2019,1165.12,22930,-188.7,ASSUMPTION_PLACEHOLDER_SERIES
8/29/2019,1186.19,22902,-130.5,ASSUMPTION_PLACEHOLDER_SERIES
8/30/2019,1177.96,22899,-651.6,ASSUMPTION_PLACEHOLDER_SERIES
9/2/2019,1196.49,22882,-908.1,ASSUMPTION_PLACEHOLDER_SERIES
9/3/2019,1193.88,22870,-568.3,ASSUMPTION_PLACEHOLDER_SERIES
9/4/2019,1210.44,22897,600.6,ASSUMPTION_PLACEHOLDER_SERIES
9/5/2019,1193.99,22927,267.8,ASSUMPTION_PLACEHOLDER_SERIES
9/6/2019,1193.34,22883,-242.4,ASSUMPTION_PLACEHOLDER_SERIES
9/9/2019,1197.64,22891,-812.2,ASSUMPTION_PLACEHOLDER_SERIES
9/10/2019,1205.44,22870,36.2,ASSUMPTION_PLACEHOLDER_SERIES
9/11/2019,1222.13,22835,300.5,ASSUMPTION_PLACEHOLDER_SERIES
9/12/2019,1208.61,22768,-253.7,ASSUMPTION_PLACEHOLDER_SERIES
9/13/2019,1225.88,22726,198.4,ASSUMPTION_PLACEHOLDER_SERIES
9/16/2019,1234.09,22700,-604.1,ASSUMPTION_PLACEHOLDER_SERIES
9/17/2019,1240.17,22788,218.3,ASSUMPTION_PLACEHOLDER_SERIES
9/18/2019,1230.3,22810,250.4,ASSUMPTION_PLACEHOLDER_SERIES
9/19/2019,1223.35,22827,-696.2,ASSUMPTION_PLACEHOLDER_SERIES
9/20/2019,1248.43,22841,544.5,ASSUMPTION_PLACEHOLDER_SERIES
9/23/2019,1238.82,22878,100.9,ASSUMPTION_PLACEHOLDER_SERIES
9/24/2019,1233.83,22876,-0.2,ASSUMPTION_PLACEHOLDER_SERIES
9/25/2019,1236.91,22925,390.6,ASSUMPTION_PLACEHOLDER_SERIES
9/26/2019,1246.46,22964,252.8,ASSUMPTION_PLACEHOLDER_SERIES
9/27/2019,1263.74,22989,947.4,ASSUMPTION_PLACEHOLDER_SERIES
9/30/2019,1269.1,23016,-15.9,ASSUMPTION_PLACEHOLDER_SERIES
10/1/2019,1271.15,23041,30,ASSUMPTION_PLACEHOLDER_SERIES
10/2/2019,1277.32,23077,318.3,ASSUMPTION_PLACEHOLDER_SERIES
10/3/2019,1306.67,23074,-920.3,ASSUMPTION_PLACEHOLDER_SERIES
10/4/2019,1300.98,23008,411.1,ASSUMPTION_PLACEHOLDER_SERIES
10/7/2019,1290,23030,-76.7,ASSUMPTION_PLACEHOLDER_SERIES
10/8/2019,1277.99,23045,723.4,ASSUMPTION_PLACEHOLDER_SERIES
10/9/2019,1295.51,23108,-500.4,ASSUMPTION_PLACEHOLDER_SERIES
10/10/2019,1292.14,23059,265.8,ASSUMPTION_PLACEHOLDER_SERIES
10/11/2019,1294.91,23131,-477.3,ASSUMPTION_PLACEHOLDER_SERIES
10/14/2019,1301.47,23136,279.6,ASSUMPTION_PLACEHOLDER_SERIES
10/15/2019,1304.76,23173,35.1,ASSUMPTION_PLACEHOLDER_SERIES
10/16/2019,1330.16,23126,-554.9,ASSUMPTION_PLACEHOLDER_SERIES
10/17/2019,1339.09,23098,-597.8,ASSUMPTION_PLACEHOLDER_SERIES
10/18/2019,1363.99,23081,-1084.6,ASSUMPTION_PLACEHOLDER_SERIES
10/21/2019,1388.23,23131,-100.5,ASSUMPTION_PLACEHOLDER_SERIES
10/22/2019,1399.28,23176,37.3,ASSUMPTION_PLACEHOLDER_SERIES
10/23/2019,1391.08,23105,-342,ASSUMPTION_PLACEHOLDER_SERIES
10/24/2019,1365.61,23071,-947.3,ASSUMPTION_PLACEHOLDER_SERIES
10/25/2019,1363.14,23046,323.6,ASSUMPTION_PLACEHOLDER_SERIES
10/28/2019,1350.89,23099,139.6,ASSUMPTION_PLACEHOLDER_SERIES
10/29/2019,1349.49,23106,40,ASSUMPTION_PLACEHOLDER_SERIES
10/30/2019,1355.43,23093,367.8,ASSUMPTION_PLACEHOLDER_SERIES
10/31/2019,1335.64,23138,-921.4,ASSUMPTION_PLACEHOLDER_SERIES
11/1/2019,1308.68,23137,1149.7,ASSUMPTION_PLACEHOLDER_SERIES
11/4/2019,1312.25,23166,564.7,ASSUMPTION_PLACEHOLDER_SERIES
11/5/2019,1297.76,23226,485.8,ASSUMPTION_PLACEHOLDER_SERIES
11/6/2019,1297.43,23203,-353.6,ASSUMPTION_PLACEHOLDER_SERIES
11/7/2019,1282.06,23219,2.4,ASSUMPTION_PLACEHOLDER_SERIES
11/8/2019,1252.42,23137,582,ASSUMPTION_PLACEHOLDER_SERIES
11/11/2019,1247.86,23144,-119.4,ASSUMPTION_PLACEHOLDER_SERIES
11/12/2019,1258.62,23130,555.9,ASSUMPTION_PLACEHOLDER_SERIES
11/13/2019,1266.78,23135,1141.1,ASSUMPTION_PLACEHOLDER_SERIES
11/14/2019,1267.82,23152,-96.1,ASSUMPTION_PLACEHOLDER_SERIES
11/15/2019,1264.72,23186,129.3,ASSUMPTION_PLACEHOLDER_SERIES
11/18/2019,1252.02,23170,426.2,ASSUMPTION_PLACEHOLDER_SERIES
11/19/2019,1242.74,23165,-14.1,ASSUMPTION_PLACEHOLDER_SERIES
11/20/2019,1247.08,23194,-125,ASSUMPTION_PLACEHOLDER_SERIES
11/21/2019,1247.19,23196,-566.5,ASSUMPTION_PLACEHOLDER_SERIES
11/22/2019,1223.9,23169,-271.1,ASSUMPTION_PLACEHOLDER_SERIES
11/25/2019,1208.1,23194,-199.5,ASSUMPTION_PLACEHOLDER_SERIES
11/26/2019,1183.62,23172,-586.2,ASSUMPTION_PLACEHOLDER_SERIES
11/27/2019,1174.45,23169,-312.3,ASSUMPTION_PLACEHOLDER_SERIES
11/28/2019,1180.29,23188,18.8,ASSUMPTION_PLACEHOLDER_SERIES
11/29/2019,1193.09,23189,-632.3,ASSUMPTION_PLACEHOLDER_SERIES
12/2/2019,1202.84,23165,267.7,ASSUMPTION_PLACEHOLDER_SERIES
12/3/2019,1187,23101,-1087.2,ASSUMPTION_PLACEHOLDER_SERIES
12/4/2019,1164.28,23163,2.2,ASSUMPTION_PLACEHOLDER_SERIES
12/5/2019,1168.41,23152,-103.2,ASSUMPTION_PLACEHOLDER_SERIES
12/6/2019,1172.52,23134,21.4,ASSUMPTION_PLACEHOLDER_SERIES
12/9/2019,1166.89,23114,-93,ASSUMPTION_PLACEHOLDER_SERIES
12/10/2019,1155.17,23103,289.5,ASSUMPTION_PLACEHOLDER_SERIES
12/11/2019,1141.24,23066,35.5,ASSUMPTION_PLACEHOLDER_SERIES
12/12/2019,1145.62,23006,-708.9,ASSUMPTION_PLACEHOLDER_SERIES
12/13/2019,1171.68,22944,54.7,ASSUMPTION_PLACEHOLDER_SERIES
12/16/2019,1148.38,22949,552.8,ASSUMPTION_PLACEHOLDER_SERIES
12/17/2019,1132.54,23000,174.3,ASSUMPTION_PLACEHOLDER_SERIES
12/18/2019,1110.43,23058,308.4,ASSUMPTION_PLACEHOLDER_SERIES
12/19/2019,1140.54,23082,360,ASSUMPTION_PLACEHOLDER_SERIES
12/20/2019,1134.8,23057,1256.7,ASSUMPTION_PLACEHOLDER_SERIES
12/23/2019,1146.51,23083,-194.7,ASSUMPTION_PLACEHOLDER_SERIES
12/24/2019,1156.86,23119,627.4,ASSUMPTION_PLACEHOLDER_SERIES
12/25/2019,1126.12,23121,-298.2,ASSUMPTION_PLACEHOLDER_SERIES
12/26/2019,1123.37,23149,289.8,ASSUMPTION_PLACEHOLDER_SERIES
12/27/2019,1127.15,23174,787,ASSUMPTION_PLACEHOLDER_SERIES
12/30/2019,1134.1,23198,913.6,ASSUMPTION_PLACEHOLDER_SERIES
12/31/2019,1140.79,23223,-426.7,ASSUMPTION_PLACEHOLDER_SERIES
1/1/2020,1184.89,23197,276.7,ASSUMPTION_PLACEHOLDER_SERIES
1/2/2020,1170.82,23224,-27.1,ASSUMPTION_PLACEHOLDER_SERIES
1/3/2020,1176.51,23200,-208.3,ASSUMPTION_PLACEHOLDER_SERIES
1/6/2020,1180.3,23246,-96.3,ASSUMPTION_PLACEHOLDER_SERIES
1/7/2020,1230.86,23256,-212,ASSUMPTION_PLACEHOLDER_SERIES
1/8/2020,1194.65,23278,200.8,ASSUMPTION_PLACEHOLDER_SERIES
1/9/2020,1193.24,23274,-153.6,ASSUMPTION_PLACEHOLDER_SERIES
1/10/2020,1198.83,23296,-321.2,ASSUMPTION_PLACEHOLDER_SERIES
1/13/2020,1213.59,23292,154.9,ASSUMPTION_PLACEHOLDER_SERIES
1/14/2020,1236.91,23264,547.6,ASSUMPTION_PLACEHOLDER_SERIES
1/15/2020,1242.17,23325,-529.3,ASSUMPTION_PLACEHOLDER_SERIES
1/16/2020,1254.34,23262,-839.7,ASSUMPTION_PLACEHOLDER_SERIES
1/17/2020,1248.04,23276,-788.2,ASSUMPTION_PLACEHOLDER_SERIES
1/20/2020,1236.92,23338,-17.9,ASSUMPTION_PLACEHOLDER_SERIES
1/21/2020,1310.74,23324,-130.4,ASSUMPTION_PLACEHOLDER_SERIES
1/22/2020,1300.94,23300,-649.8,ASSUMPTION_PLACEHOLDER_SERIES
1/23/2020,1309.4,23290,55.8,ASSUMPTION_PLACEHOLDER_SERIES
1/24/2020,1330.78,23299,196.1,ASSUMPTION_PLACEHOLDER_SERIES
1/27/2020,1365.42,23382,-768.9,ASSUMPTION_PLACEHOLDER_SERIES
1/28/2020,1355.57,23416,252.9,ASSUMPTION_PLACEHOLDER_SERIES
1/29/2020,1337.86,23427,-571.4,ASSUMPTION_PLACEHOLDER_SERIES
1/30/2020,1353.47,23401,746.4,ASSUMPTION_PLACEHOLDER_SERIES
1/31/2020,1365.58,23394,712.8,ASSUMPTION_PLACEHOLDER_SERIES
2/3/2020,1355.21,23425,1119.8,ASSUMPTION_PLACEHOLDER_SERIES
2/4/2020,1368.77,23476,280.4,ASSUMPTION_PLACEHOLDER_SERIES
2/5/2020,1410.21,23448,117.7,ASSUMPTION_PLACEHOLDER_SERIES
2/6/2020,1356.27,23471,459.7,ASSUMPTION_PLACEHOLDER_SERIES
2/7/2020,1334.69,23495,662.7,ASSUMPTION_PLACEHOLDER_SERIES
2/10/2020,1320.85,23431,-366.8,ASSUMPTION_PLACEHOLDER_SERIES
2/11/2020,1277.11,23454,110.4,ASSUMPTION_PLACEHOLDER_SERIES
2/12/2020,1252.13,23473,-511.7,ASSUMPTION_PLACEHOLDER_SERIES
2/13/2020,1244.65,23465,708.8,ASSUMPTION_PLACEHOLDER_SERIES
2/14/2020,1218.8,23482,279.3,ASSUMPTION_PLACEHOLDER_SERIES
2/17/2020,1224.35,23518,-191,ASSUMPTION_PLACEHOLDER_SERIES
2/18/2020,1212.44,23559,46.4,ASSUMPTION_PLACEHOLDER_SERIES
2/19/2020,1185.03,23544,482.9,ASSUMPTION_PLACEHOLDER_SERIES
2/20/2020,1180.07,23552,-720.9,ASSUMPTION_PLACEHOLDER_SERIES
2/21/2020,1179.84,23644,238,ASSUMPTION_PLACEHOLDER_SERIES
2/24/2020,1158.53,23624,-386.3,ASSUMPTION_PLACEHOLDER_SERIES
2/25/2020,1171.87,23622,831.5,ASSUMPTION_PLACEHOLDER_SERIES
2/26/2020,1157.25,23627,462.6,ASSUMPTION_PLACEHOLDER_SERIES
2/27/2020,1136.55,23603,6.2,ASSUMPTION_PLACEHOLDER_SERIES
2/28/2020,1178.29,23624,246.4,ASSUMPTION_PLACEHOLDER_SERIES
3/2/2020,1196.64,23590,-538.8,ASSUMPTION_PLACEHOLDER_SERIES
3/3/2020,1195.34,23585,577.2,ASSUMPTION_PLACEHOLDER_SERIES
3/4/2020,1207.95,23570,298.2,ASSUMPTION_PLACEHOLDER_SERIES
3/5/2020,1183.96,23583,-1454.5,ASSUMPTION_PLACEHOLDER_SERIES
3/6/2020,1175.31,23582,194.2,ASSUMPTION_PLACEHOLDER_SERIES
3/9/2020,1180.92,23538,-540.9,ASSUMPTION_PLACEHOLDER_SERIES
3/10/2020,1209.65,23552,471.2,ASSUMPTION_PLACEHOLDER_SERIES
3/11/2020,1221.21,23537,-60.8,ASSUMPTION_PLACEHOLDER_SERIES
3/12/2020,1179.27,23509,-86.4,ASSUMPTION_PLACEHOLDER_SERIES
3/13/2020,1205.09,23520,712,ASSUMPTION_PLACEHOLDER_SERIES
3/16/2020,1197.29,23517,611.2,ASSUMPTION_PLACEHOLDER_SERIES
3/17/2020,1198.3,23500,-524.7,ASSUMPTION_PLACEHOLDER_SERIES
3/18/2020,1192.03,23468,12.2,ASSUMPTION_PLACEHOLDER_SERIES
3/19/2020,1213.17,23464,-249.4,ASSUMPTION_PLACEHOLDER_SERIES
3/20/2020,1217.11,23436,-67.2,ASSUMPTION_PLACEHOLDER_SERIES
3/23/2020,1225.15,23391,258.8,ASSUMPTION_PLACEHOLDER_SERIES
3/24/2020,1203.79,23323,152.5,ASSUMPTION_PLACEHOLDER_SERIES
3/25/2020,1203.5,23315,-508.1,ASSUMPTION_PLACEHOLDER_SERIES
3/26/2020,1199.94,23311,-443.1,ASSUMPTION_PLACEHOLDER_SERIES
3/27/2020,1226.31,23377,-124.7,ASSUMPTION_PLACEHOLDER_SERIES
3/30/2020,1171.34,23408,-67,ASSUMPTION_PLACEHOLDER_SERIES
3/31/2020,1151.54,23417,-667.3,ASSUMPTION_PLACEHOLDER_SERIES
4/1/2020,1154.95,23419,8.9,ASSUMPTION_PLACEHOLDER_SERIES
4/2/2020,1161.32,23482,-252.2,ASSUMPTION_PLACEHOLDER_SERIES
4/3/2020,1155.5,23488,-526.5,ASSUMPTION_PLACEHOLDER_SERIES
4/6/2020,1165.68,23481,-144.1,ASSUMPTION_PLACEHOLDER_SERIES
4/7/2020,1186.28,23485,1010.4,ASSUMPTION_PLACEHOLDER_SERIES
4/8/2020,1215.59,23506,68.3,ASSUMPTION_PLACEHOLDER_SERIES
4/9/2020,1212.03,23474,-7,ASSUMPTION_PLACEHOLDER_SERIES
4/10/2020,1233.06,23474,-140.3,ASSUMPTION_PLACEHOLDER_SERIES
4/13/2020,1205.03,23481,-32.2,ASSUMPTION_PLACEHOLDER_SERIES
4/14/2020,1207.33,23422,-379.8,ASSUMPTION_PLACEHOLDER_SERIES
4/15/2020,1199.33,23396,537.1,ASSUMPTION_PLACEHOLDER_SERIES
4/16/2020,1202.27,23425,16.3,ASSUMPTION_PLACEHOLDER_SERIES
4/17/2020,1188.73,23526,-278.3,ASSUMPTION_PLACEHOLDER_SERIES
4/20/2020,1202.12,23471,684,ASSUMPTION_PLACEHOLDER_SERIES
4/21/2020,1227.02,23552,241.6,ASSUMPTION_PLACEHOLDER_SERIES
4/22/2020,1221.08,23532,-736.6,ASSUMPTION_PLACEHOLDER_SERIES
4/23/2020,1225.96,23588,554.4,ASSUMPTION_PLACEHOLDER_SERIES
4/24/2020,1194.1,23579,192.9,ASSUMPTION_PLACEHOLDER_SERIES
4/27/2020,1206.08,23561,77.4,ASSUMPTION_PLACEHOLDER_SERIES
4/28/2020,1214.35,23528,714.2,ASSUMPTION_PLACEHOLDER_SERIES
4/29/2020,1240.05,23551,-173,ASSUMPTION_PLACEHOLDER_SERIES
4/30/2020,1263.42,23603,-350.1,ASSUMPTION_PLACEHOLDER_SERIES
5/1/2020,1252.73,23610,770.8,ASSUMPTION_PLACEHOLDER_SERIES
5/4/2020,1200.31,23553,120.1,ASSUMPTION_PLACEHOLDER_SERIES
5/5/2020,1211.95,23580,63.4,ASSUMPTION_PLACEHOLDER_SERIES
5/6/2020,1219.12,23602,-466.8,ASSUMPTION_PLACEHOLDER_SERIES
5/7/2020,1223.94,23567,256.6,ASSUMPTION_PLACEHOLDER_SERIES
5/8/2020,1208.78,23606,-862.7,ASSUMPTION_PLACEHOLDER_SERIES
5/11/2020,1185.37,23643,-214.1,ASSUMPTION_PLACEHOLDER_SERIES
5/12/2020,1161.02,23692,-46.8,ASSUMPTION_PLACEHOLDER_SERIES
5/13/2020,1163.6,23652,-287.5,ASSUMPTION_PLACEHOLDER_SERIES
5/14/2020,1155.85,23680,465.1,ASSUMPTION_PLACEHOLDER_SERIES
5/15/2020,1144.69,23705,-385.8,ASSUMPTION_PLACEHOLDER_SERIES
5/18/2020,1151.69,23684,-539.1,ASSUMPTION_PLACEHOLDER_SERIES
5/19/2020,1170.78,23731,266.2,ASSUMPTION_PLACEHOLDER_SERIES
5/20/2020,1161.4,23641,134.3,ASSUMPTION_PLACEHOLDER_SERIES
5/21/2020,1172.24,23597,-541.8,ASSUMPTION_PLACEHOLDER_SERIES
5/22/2020,1172.78,23582,428.1,ASSUMPTION_PLACEHOLDER_SERIES
5/25/2020,1169.04,23568,45.1,ASSUMPTION_PLACEHOLDER_SERIES
5/26/2020,1161.75,23530,-556,ASSUMPTION_PLACEHOLDER_SERIES
5/27/2020,1174.72,23562,-1060.3,ASSUMPTION_PLACEHOLDER_SERIES
5/28/2020,1167.19,23584,-630.6,ASSUMPTION_PLACEHOLDER_SERIES
5/29/2020,1181.23,23562,-409,ASSUMPTION_PLACEHOLDER_SERIES
6/1/2020,1147.64,23550,-197.5,ASSUMPTION_PLACEHOLDER_SERIES
6/2/2020,1191.1,23560,-218.9,ASSUMPTION_PLACEHOLDER_SERIES
6/3/2020,1218.44,23562,-571.8,ASSUMPTION_PLACEHOLDER_SERIES
6/4/2020,1211.97,23562,-580.1,ASSUMPTION_PLACEHOLDER_SERIES
6/5/2020,1249.44,23487,143.3,ASSUMPTION_PLACEHOLDER_SERIES
6/8/2020,1249.58,23455,906.5,ASSUMPTION_PLACEHOLDER_SERIES
6/9/2020,1277.8,23514,-564.5,ASSUMPTION_PLACEHOLDER_SERIES
6/10/2020,1303.19,23502,23.6,ASSUMPTION_PLACEHOLDER_SERIES
6/11/2020,1311.44,23417,317.2,ASSUMPTION_PLACEHOLDER_SERIES
6/12/2020,1349.64,23438,284.7,ASSUMPTION_PLACEHOLDER_SERIES
6/15/2020,1338.41,23400,75.9,ASSUMPTION_PLACEHOLDER_SERIES
6/16/2020,1324.59,23378,-1186.7,ASSUMPTION_PLACEHOLDER_SERIES
6/17/2020,1354.12,23334,-414.4,ASSUMPTION_PLACEHOLDER_SERIES
6/18/2020,1352.65,23386,-419.9,ASSUMPTION_PLACEHOLDER_SERIES
6/19/2020,1340.92,23399,-324.9,ASSUMPTION_PLACEHOLDER_SERIES
6/22/2020,1350.68,23350,-168,ASSUMPTION_PLACEHOLDER_SERIES
6/23/2020,1358.43,23355,515.4,ASSUMPTION_PLACEHOLDER_SERIES
6/24/2020,1331.54,23379,-96.4,ASSUMPTION_PLACEHOLDER_SERIES
6/25/2020,1328.01,23463,-250.1,ASSUMPTION_PLACEHOLDER_SERIES
6/26/2020,1335.04,23432,-630,ASSUMPTION_PLACEHOLDER_SERIES
6/29/2020,1339.14,23458,-32.5,ASSUMPTION_PLACEHOLDER_SERIES
6/30/2020,1348.7,23424,-21.4,ASSUMPTION_PLACEHOLDER_SERIES
7/1/2020,1376.84,23424,918,ASSUMPTION_PLACEHOLDER_SERIES
7/2/2020,1364.83,23422,91.2,ASSUMPTION_PLACEHOLDER_SERIES
7/3/2020,1343.75,23413,-45.9,ASSUMPTION_PLACEHOLDER_SERIES
7/6/2020,1317.67,23458,779.3,ASSUMPTION_PLACEHOLDER_SERIES
7/7/2020,1356.12,23448,146.6,ASSUMPTION_PLACEHOLDER_SERIES
7/8/2020,1378.72,23446,-16.3,ASSUMPTION_PLACEHOLDER_SERIES
7/9/2020,1363.67,23406,-59.7,ASSUMPTION_PLACEHOLDER_SERIES
7/10/2020,1359.8,23488,96.7,ASSUMPTION_PLACEHOLDER_SERIES
7/13/2020,1355.2,23429,3.8,ASSUMPTION_PLACEHOLDER_SERIES
7/14/2020,1369.64,23398,-435.6,ASSUMPTION_PLACEHOLDER_SERIES
7/15/2020,1386.71,23421,-976.7,ASSUMPTION_PLACEHOLDER_SERIES
7/16/2020,1396.96,23416,808.7,ASSUMPTION_PLACEHOLDER_SERIES
7/17/2020,1422.27,23384,539,ASSUMPTION_PLACEHOLDER_SERIES
7/20/2020,1431.21,23378,235.3,ASSUMPTION_PLACEHOLDER_SERIES
7/21/2020,1452.88,23374,97.6,ASSUMPTION_PLACEHOLDER_SERIES
7/22/2020,1483.2,23338,71.2,ASSUMPTION_PLACEHOLDER_SERIES
7/23/2020,1463.35,23323,295,ASSUMPTION_PLACEHOLDER_SERIES
7/24/2020,1473.64,23336,-183.1,ASSUMPTION_PLACEHOLDER_SERIES
7/27/2020,1476.22,23266,886.8,ASSUMPTION_PLACEHOLDER_SERIES
7/28/2020,1475.48,23275,-299.3,ASSUMPTION_PLACEHOLDER_SERIES
7/29/2020,1478.87,23230,-102.9,ASSUMPTION_PLACEHOLDER_SERIES
7/30/2020,1468.72,23190,-168.2,ASSUMPTION_PLACEHOLDER_SERIES
7/31/2020,1431.02,23221,666.8,ASSUMPTION_PLACEHOLDER_SERIES
8/3/2020,1426.58,23235,-271.2,ASSUMPTION_PLACEHOLDER_SERIES
8/4/2020,1417.21,23193,-614.8,ASSUMPTION_PLACEHOLDER_SERIES
8/5/2020,1476.22,23177,668.8,ASSUMPTION_PLACEHOLDER_SERIES
8/6/2020,1482.09,23235,-184.9,ASSUMPTION_PLACEHOLDER_SERIES
8/7/2020,1439.22,23251,-1010.6,ASSUMPTION_PLACEHOLDER_SERIES
8/10/2020,1469.22,23319,410.4,ASSUMPTION_PLACEHOLDER_SERIES
8/11/2020,1485.06,23315,-465.7,ASSUMPTION_PLACEHOLDER_SERIES
8/12/2020,1520.35,23283,-444.4,ASSUMPTION_PLACEHOLDER_SERIES
8/13/2020,1526.04,23324,905.7,ASSUMPTION_PLACEHOLDER_SERIES
8/14/2020,1505.8,23302,157.2,ASSUMPTION_PLACEHOLDER_SERIES
8/17/2020,1480.65,23302,-1300.7,ASSUMPTION_PLACEHOLDER_SERIES
8/18/2020,1436.36,23266,28.3,ASSUMPTION_PLACEHOLDER_SERIES
8/19/2020,1454.31,23299,-213.5,ASSUMPTION_PLACEHOLDER_SERIES
8/20/2020,1407.72,23272,284.7,ASSUMPTION_PLACEHOLDER_SERIES
8/21/2020,1419.93,23227,-498.5,ASSUMPTION_PLACEHOLDER_SERIES
8/24/2020,1390.83,23193,167.9,ASSUMPTION_PLACEHOLDER_SERIES
8/25/2020,1416.42,23160,-497.4,ASSUMPTION_PLACEHOLDER_SERIES
8/26/2020,1419.49,23183,-719.1,ASSUMPTION_PLACEHOLDER_SERIES
8/27/2020,1414.73,23235,-309.9,ASSUMPTION_PLACEHOLDER_SERIES
8/28/2020,1469.96,23284,129.8,ASSUMPTION_PLACEHOLDER_SERIES
8/31/2020,1471.28,23257,-422.2,ASSUMPTION_PLACEHOLDER_SERIES
9/1/2020,1459.39,23268,565,ASSUMPTION_PLACEHOLDER_SERIES
9/2/2020,1495.35,23216,-187.9,ASSUMPTION_PLACEHOLDER_SERIES
9/3/2020,1468.04,23210,691.9,ASSUMPTION_PLACEHOLDER_SERIES
9/4/2020,1488.29,23176,-153.4,ASSUMPTION_PLACEHOLDER_SERIES
9/7/2020,1425.71,23117,-713.5,ASSUMPTION_PLACEHOLDER_SERIES
9/8/2020,1463.78,23098,966.3,ASSUMPTION_PLACEHOLDER_SERIES
9/9/2020,1440.53,23107,-586.5,ASSUMPTION_PLACEHOLDER_SERIES
9/10/2020,1441.47,23091,426.5,ASSUMPTION_PLACEHOLDER_SERIES
9/11/2020,1492.63,23060,334.5,ASSUMPTION_PLACEHOLDER_SERIES
9/14/2020,1480.76,22995,112.1,ASSUMPTION_PLACEHOLDER_SERIES
9/15/2020,1507.03,22998,15.1,ASSUMPTION_PLACEHOLDER_SERIES
9/16/2020,1498.08,23021,-428.2,ASSUMPTION_PLACEHOLDER_SERIES
9/17/2020,1506.01,23003,568.2,ASSUMPTION_PLACEHOLDER_SERIES
9/18/2020,1466.77,23006,-1086.6,ASSUMPTION_PLACEHOLDER_SERIES
9/21/2020,1454.67,22941,-195.8,ASSUMPTION_PLACEHOLDER_SERIES
9/22/2020,1467.56,22884,460,ASSUMPTION_PLACEHOLDER_SERIES
9/23/2020,1454.29,22955,147.4,ASSUMPTION_PLACEHOLDER_SERIES
9/24/2020,1446.12,22978,129.9,ASSUMPTION_PLACEHOLDER_SERIES
9/25/2020,1436.47,22949,-239.8,ASSUMPTION_PLACEHOLDER_SERIES
9/28/2020,1404.7,22984,-410.1,ASSUMPTION_PLACEHOLDER_SERIES
9/29/2020,1395.38,23022,-170.2,ASSUMPTION_PLACEHOLDER_SERIES
9/30/2020,1406.03,23036,285.7,ASSUMPTION_PLACEHOLDER_SERIES
10/1/2020,1402.56,23019,-311.1,ASSUMPTION_PLACEHOLDER_SERIES
10/2/2020,1383.46,23077,-286.5,ASSUMPTION_PLACEHOLDER_SERIES
10/5/2020,1374.55,23078,-237.4,ASSUMPTION_PLACEHOLDER_SERIES
10/6/2020,1401.33,23109,-83.6,ASSUMPTION_PLACEHOLDER_SERIES
10/7/2020,1392.06,23074,150.9,ASSUMPTION_PLACEHOLDER_SERIES
10/8/2020,1368.26,23043,-411.3,ASSUMPTION_PLACEHOLDER_SERIES
10/9/2020,1349.41,23126,771.5,ASSUMPTION_PLACEHOLDER_SERIES
10/12/2020,1360.75,23133,-177.8,ASSUMPTION_PLACEHOLDER_SERIES
10/13/2020,1416.86,23128,-458.1,ASSUMPTION_PLACEHOLDER_SERIES
10/14/2020,1431.93,23129,207,ASSUMPTION_PLACEHOLDER_SERIES
10/15/2020,1474,23071,332.8,ASSUMPTION_PLACEHOLDER_SERIES
10/16/2020,1520.16,23037,-213.5,ASSUMPTION_PLACEHOLDER_SERIES
10/19/2020,1575.76,23021,56.3,ASSUMPTION_PLACEHOLDER_SERIES
10/20/2020,1549.15,22999,178.8,ASSUMPTION_PLACEHOLDER_SERIES
10/21/2020,1547.26,22972,-292.4,ASSUMPTION_PLACEHOLDER_SERIES
10/22/2020,1544.06,22963,-16.3,ASSUMPTION_PLACEHOLDER_SERIES
10/23/2020,1561.43,23005,141.8,ASSUMPTION_PLACEHOLDER_SERIES
10/26/2020,1559.24,23059,-64.3,ASSUMPTION_PLACEHOLDER_SERIES
10/27/2020,1558.67,23037,52.5,ASSUMPTION_PLACEHOLDER_SERIES
10/28/2020,1576.7,23020,-74.5,ASSUMPTION_PLACEHOLDER_SERIES
10/29/2020,1604.45,23040,355.6,ASSUMPTION_PLACEHOLDER_SERIES
10/30/2020,1594.32,23016,130.5,ASSUMPTION_PLACEHOLDER_SERIES
11/2/2020,1599.91,23083,118.3,ASSUMPTION_PLACEHOLDER_SERIES
11/3/2020,1601.68,23062,196.5,ASSUMPTION_PLACEHOLDER_SERIES
11/4/2020,1534.63,23099,-823.3,ASSUMPTION_PLACEHOLDER_SERIES
11/5/2020,1503.65,23099,-199,ASSUMPTION_PLACEHOLDER_SERIES
11/6/2020,1520.76,23084,636.1,ASSUMPTION_PLACEHOLDER_SERIES
11/9/2020,1509.26,23111,95.5,ASSUMPTION_PLACEHOLDER_SERIES
11/10/2020,1562.57,23065,-214.4,ASSUMPTION_PLACEHOLDER_SERIES
11/11/2020,1563.49,23049,-529.1,ASSUMPTION_PLACEHOLDER_SERIES
11/12/2020,1561.85,23056,674.2,ASSUMPTION_PLACEHOLDER_SERIES
11/13/2020,1561.93,23040,-389.7,ASSUMPTION_PLACEHOLDER_SERIES
11/16/2020,1600.27,23015,136.5,ASSUMPTION_PLACEHOLDER_SERIES
11/17/2020,1557.09,23015,-722,ASSUMPTION_PLACEHOLDER_SERIES
11/18/2020,1552.8,23021,276,ASSUMPTION_PLACEHOLDER_SERIES
11/19/2020,1539.46,22991,85,ASSUMPTION_PLACEHOLDER_SERIES
11/20/2020,1598.82,22995,173,ASSUMPTION_PLACEHOLDER_SERIES
11/23/2020,1620.37,23014,236.7,ASSUMPTION_PLACEHOLDER_SERIES
11/24/2020,1635.59,22967,-39.4,ASSUMPTION_PLACEHOLDER_SERIES
11/25/2020,1639.88,22946,285.6,ASSUMPTION_PLACEHOLDER_SERIES
11/26/2020,1649.48,22957,22.6,ASSUMPTION_PLACEHOLDER_SERIES
11/27/2020,1670.15,22959,-449.2,ASSUMPTION_PLACEHOLDER_SERIES
11/30/2020,1691.5,22968,-648.3,ASSUMPTION_PLACEHOLDER_SERIES
12/1/2020,1728.04,22908,43.5,ASSUMPTION_PLACEHOLDER_SERIES
12/2/2020,1684.31,22878,59,ASSUMPTION_PLACEHOLDER_SERIES
12/3/2020,1777.55,22804,683.9,ASSUMPTION_PLACEHOLDER_SERIES
12/4/2020,1749.51,22797,93,ASSUMPTION_PLACEHOLDER_SERIES
12/7/2020,1767.16,22782,555.4,ASSUMPTION_PLACEHOLDER_SERIES
12/8/2020,1789.19,22821,-892.4,ASSUMPTION_PLACEHOLDER_SERIES
12/9/2020,1851.44,22820,-326.8,ASSUMPTION_PLACEHOLDER_SERIES
12/10/2020,1883.46,22822,189.1,ASSUMPTION_PLACEHOLDER_SERIES
12/11/2020,1883.86,22828,-168.2,ASSUMPTION_PLACEHOLDER_SERIES
12/14/2020,1861.33,22844,1018.9,ASSUMPTION_PLACEHOLDER_SERIES
12/15/2020,1868.52,22898,79.2,ASSUMPTION_PLACEHOLDER_SERIES
12/16/2020,1859.91,22884,483.5,ASSUMPTION_PLACEHOLDER_SERIES
12/17/2020,1822.93,22876,-94.3,ASSUMPTION_PLACEHOLDER_SERIES
12/18/2020,1787.1,22883,-333.3,ASSUMPTION_PLACEHOLDER_SERIES
12/21/2020,1751.09,22882,-1014.9,ASSUMPTION_PLACEHOLDER_SERIES
12/22/2020,1774.53,22852,-611.6,ASSUMPTION_PLACEHOLDER_SERIES
12/23/2020,1802.81,22944,212.2,ASSUMPTION_PLACEHOLDER_SERIES
12/24/2020,1769.95,22955,503.4,ASSUMPTION_PLACEHOLDER_SERIES
12/25/2020,1783.96,22951,-470.4,ASSUMPTION_PLACEHOLDER_SERIES
12/28/2020,1713.16,22931,-283.4,ASSUMPTION_PLACEHOLDER_SERIES
12/29/2020,1737.44,22929,-593.5,ASSUMPTION_PLACEHOLDER_SERIES
12/30/2020,1757.59,22921,229.9,ASSUMPTION_PLACEHOLDER_SERIES
12/31/2020,1809.12,22951,227.7,ASSUMPTION_PLACEHOLDER_SERIES
1/1/2021,1796.78,22937,-353.5,ASSUMPTION_PLACEHOLDER_SERIES
1/4/2021,1806.34,22936,-325.8,ASSUMPTION_PLACEHOLDER_SERIES
1/5/2021,1802.14,22969,37.1,ASSUMPTION_PLACEHOLDER_SERIES
1/6/2021,1813.12,22912,17.1,ASSUMPTION_PLACEHOLDER_SERIES
1/7/2021,1824.65,22934,-25.8,ASSUMPTION_PLACEHOLDER_SERIES
1/8/2021,1786.34,22913,106.8,ASSUMPTION_PLACEHOLDER_SERIES
1/11/2021,1776.78,22972,-656.6,ASSUMPTION_PLACEHOLDER_SERIES
1/12/2021,1761.49,22951,439.2,ASSUMPTION_PLACEHOLDER_SERIES
1/13/2021,1766.4,22916,-304.7,ASSUMPTION_PLACEHOLDER_SERIES
1/14/2021,1750.03,22964,-270,ASSUMPTION_PLACEHOLDER_SERIES
1/15/2021,1775.49,22907,223.4,ASSUMPTION_PLACEHOLDER_SERIES
1/18/2021,1798.74,22987,-38.2,ASSUMPTION_PLACEHOLDER_SERIES
1/19/2021,1817.8,22955,-251.7,ASSUMPTION_PLACEHOLDER_SERIES
1/20/2021,1790.48,22988,-26.7,ASSUMPTION_PLACEHOLDER_SERIES
1/21/2021,1787.78,23047,671.9,ASSUMPTION_PLACEHOLDER_SERIES
1/22/2021,1798.46,23118,-96,ASSUMPTION_PLACEHOLDER_SERIES
1/25/2021,1770.5,23153,-548.8,ASSUMPTION_PLACEHOLDER_SERIES
1/26/2021,1785.13,23100,343.7,ASSUMPTION_PLACEHOLDER_SERIES
1/27/2021,1824.98,23074,-394.8,ASSUMPTION_PLACEHOLDER_SERIES
1/28/2021,1809.47,23068,-488.9,ASSUMPTION_PLACEHOLDER_SERIES
1/29/2021,1806.73,23134,-29.5,ASSUMPTION_PLACEHOLDER_SERIES
2/1/2021,1814.24,23091,93.6,ASSUMPTION_PLACEHOLDER_SERIES
2/2/2021,1811.67,23138,300.5,ASSUMPTION_PLACEHOLDER_SERIES
2/3/2021,1789.58,23169,-61.2,ASSUMPTION_PLACEHOLDER_SERIES
2/4/2021,1788.68,23173,39.7,ASSUMPTION_PLACEHOLDER_SERIES
2/5/2021,1796.07,23180,886.7,ASSUMPTION_PLACEHOLDER_SERIES
2/8/2021,1794.91,23166,-12.7,ASSUMPTION_PLACEHOLDER_SERIES
2/9/2021,1837.39,23144,-870.3,ASSUMPTION_PLACEHOLDER_SERIES
2/10/2021,1839.66,23136,-371.9,ASSUMPTION_PLACEHOLDER_SERIES
2/11/2021,1845.29,23120,180.4,ASSUMPTION_PLACEHOLDER_SERIES
2/12/2021,1854.46,23149,-34.8,ASSUMPTION_PLACEHOLDER_SERIES
2/15/2021,1849.71,23187,-61.2,ASSUMPTION_PLACEHOLDER_SERIES
2/16/2021,1871.32,23265,459,ASSUMPTION_PLACEHOLDER_SERIES
2/17/2021,1855.03,23245,74.4,ASSUMPTION_PLACEHOLDER_SERIES
2/18/2021,1810.88,23231,357.5,ASSUMPTION_PLACEHOLDER_SERIES
2/19/2021,1849.39,23191,894.9,ASSUMPTION_PLACEHOLDER_SERIES
2/22/2021,1858.4,23186,-76,ASSUMPTION_PLACEHOLDER_SERIES
2/23/2021,1838.49,23228,-144.6,ASSUMPTION_PLACEHOLDER_SERIES
2/24/2021,1813.38,23276,155,ASSUMPTION_PLACEHOLDER_SERIES
2/25/2021,1759.69,23232,-213.5,ASSUMPTION_PLACEHOLDER_SERIES
2/26/2021,1755.22,23175,179.4,ASSUMPTION_PLACEHOLDER_SERIES
3/1/2021,1758.77,23165,-438,ASSUMPTION_PLACEHOLDER_SERIES
3/2/2021,1742.15,23172,-723.7,ASSUMPTION_PLACEHOLDER_SERIES
3/3/2021,1745.41,23196,-284,ASSUMPTION_PLACEHOLDER_SERIES
3/4/2021,1739.12,23179,-302.9,ASSUMPTION_PLACEHOLDER_SERIES
3/5/2021,1714.45,23179,457.3,ASSUMPTION_PLACEHOLDER_SERIES
3/8/2021,1731.56,23153,-239,ASSUMPTION_PLACEHOLDER_SERIES
3/9/2021,1721,23201,276.3,ASSUMPTION_PLACEHOLDER_SERIES
3/10/2021,1690.55,23187,101.3,ASSUMPTION_PLACEHOLDER_SERIES
3/11/2021,1670.25,23208,-414.3,ASSUMPTION_PLACEHOLDER_SERIES
3/12/2021,1684.98,23194,384,ASSUMPTION_PLACEHOLDER_SERIES
3/15/2021,1683.77,23194,120.1,ASSUMPTION_PLACEHOLDER_SERIES
3/16/2021,1652.2,23274,-569,ASSUMPTION_PLACEHOLDER_SERIES
3/17/2021,1626.27,23294,-708.2,ASSUMPTION_PLACEHOLDER_SERIES
3/18/2021,1636.48,23260,325.9,ASSUMPTION_PLACEHOLDER_SERIES
3/19/2021,1650.59,23276,-339.8,ASSUMPTION_PLACEHOLDER_SERIES
3/22/2021,1608.67,23294,-435.3,ASSUMPTION_PLACEHOLDER_SERIES
3/23/2021,1620.44,23227,-8.6,ASSUMPTION_PLACEHOLDER_SERIES
3/24/2021,1610.43,23211,356.8,ASSUMPTION_PLACEHOLDER_SERIES
3/25/2021,1622.85,23182,-342.3,ASSUMPTION_PLACEHOLDER_SERIES
3/26/2021,1617.33,23198,-65.8,ASSUMPTION_PLACEHOLDER_SERIES
3/29/2021,1642.13,23169,-246.1,ASSUMPTION_PLACEHOLDER_SERIES
3/30/2021,1627.85,23118,-190.5,ASSUMPTION_PLACEHOLDER_SERIES
3/31/2021,1612.82,23101,548,ASSUMPTION_PLACEHOLDER_SERIES
4/1/2021,1592.01,23087,-294.9,ASSUMPTION_PLACEHOLDER_SERIES
4/2/2021,1632.04,23102,-359.7,ASSUMPTION_PLACEHOLDER_SERIES
4/5/2021,1633.42,23050,-87,ASSUMPTION_PLACEHOLDER_SERIES
4/6/2021,1628.19,23057,68.5,ASSUMPTION_PLACEHOLDER_SERIES
4/7/2021,1599.83,23090,-634.1,ASSUMPTION_PLACEHOLDER_SERIES
4/8/2021,1598.85,23104,-389.5,ASSUMPTION_PLACEHOLDER_SERIES
4/9/2021,1624.73,23071,158,ASSUMPTION_PLACEHOLDER_SERIES
4/12/2021,1622.77,23096,128.6,ASSUMPTION_PLACEHOLDER_SERIES
4/13/2021,1602.92,23064,128,ASSUMPTION_PLACEHOLDER_SERIES
4/14/2021,1609.69,23076,-506.8,ASSUMPTION_PLACEHOLDER_SERIES
4/15/2021,1618.97,22987,-267.4,ASSUMPTION_PLACEHOLDER_SERIES
4/16/2021,1622.09,23039,-27.2,ASSUMPTION_PLACEHOLDER_SERIES
4/19/2021,1599.08,23030,36.4,ASSUMPTION_PLACEHOLDER_SERIES
4/20/2021,1634.95,22996,-295.9,ASSUMPTION_PLACEHOLDER_SERIES
4/21/2021,1617.86,23012,-316.1,ASSUMPTION_PLACEHOLDER_SERIES
4/22/2021,1656.24,23066,1012.1,ASSUMPTION_PLACEHOLDER_SERIES
4/23/2021,1650.56,23052,-198.7,ASSUMPTION_PLACEHOLDER_SERIES
4/26/2021,1664.85,23046,-269.1,ASSUMPTION_PLACEHOLDER_SERIES
4/27/2021,1641.64,22985,-252.8,ASSUMPTION_PLACEHOLDER_SERIES
4/28/2021,1615.65,22962,-295.6,ASSUMPTION_PLACEHOLDER_SERIES
4/29/2021,1616.68,22932,-258.9,ASSUMPTION_PLACEHOLDER_SERIES
4/30/2021,1629.82,22962,615.4,ASSUMPTION_PLACEHOLDER_SERIES
5/3/2021,1613.03,22955,148.9,ASSUMPTION_PLACEHOLDER_SERIES
5/4/2021,1561.42,22977,362.5,ASSUMPTION_PLACEHOLDER_SERIES
5/5/2021,1549.73,22963,-421.4,ASSUMPTION_PLACEHOLDER_SERIES
5/6/2021,1559.08,22933,225.4,ASSUMPTION_PLACEHOLDER_SERIES
5/7/2021,1588.62,22858,564.3,ASSUMPTION_PLACEHOLDER_SERIES
5/10/2021,1603.15,22855,-399.9,ASSUMPTION_PLACEHOLDER_SERIES
5/11/2021,1611.84,22818,-155.8,ASSUMPTION_PLACEHOLDER_SERIES
5/12/2021,1583.09,22868,-663.6,ASSUMPTION_PLACEHOLDER_SERIES
5/13/2021,1555.29,22952,-14.5,ASSUMPTION_PLACEHOLDER_SERIES
5/14/2021,1570.53,22988,835,ASSUMPTION_PLACEHOLDER_SERIES
5/17/2021,1568.1,22964,527.7,ASSUMPTION_PLACEHOLDER_SERIES
5/18/2021,1558.45,23028,-53.3,ASSUMPTION_PLACEHOLDER_SERIES
5/19/2021,1561.05,23000,-239.6,ASSUMPTION_PLACEHOLDER_SERIES
5/20/2021,1569.08,22993,489.7,ASSUMPTION_PLACEHOLDER_SERIES
5/21/2021,1533.51,23019,265.5,ASSUMPTION_PLACEHOLDER_SERIES
5/24/2021,1552.89,23056,521.9,ASSUMPTION_PLACEHOLDER_SERIES
5/25/2021,1546.25,23031,-80.2,ASSUMPTION_PLACEHOLDER_SERIES
5/26/2021,1562.9,23022,549.5,ASSUMPTION_PLACEHOLDER_SERIES
5/27/2021,1579.06,23009,298.9,ASSUMPTION_PLACEHOLDER_SERIES
5/28/2021,1576.82,22982,267.6,ASSUMPTION_PLACEHOLDER_SERIES
5/31/2021,1584.82,22999,-21.3,ASSUMPTION_PLACEHOLDER_SERIES
6/1/2021,1596.14,23028,-212.7,ASSUMPTION_PLACEHOLDER_SERIES
6/2/2021,1595.24,23058,427.7,ASSUMPTION_PLACEHOLDER_SERIES
6/3/2021,1582.61,22989,-161.1,ASSUMPTION_PLACEHOLDER_SERIES
6/4/2021,1601.59,23003,-369.3,ASSUMPTION_PLACEHOLDER_SERIES
6/7/2021,1604.23,22936,215.7,ASSUMPTION_PLACEHOLDER_SERIES
6/8/2021,1612.38,22931,292.7,ASSUMPTION_PLACEHOLDER_SERIES
6/9/2021,1592.34,22901,429.7,ASSUMPTION_PLACEHOLDER_SERIES
6/10/2021,1567.93,22812,-236.4,ASSUMPTION_PLACEHOLDER_SERIES
6/11/2021,1569.21,22769,32.8,ASSUMPTION_PLACEHOLDER_SERIES
6/14/2021,1578.02,22749,190.3,ASSUMPTION_PLACEHOLDER_SERIES
6/15/2021,1590.34,22744,338.1,ASSUMPTION_PLACEHOLDER_SERIES
6/16/2021,1581.06,22778,-656.5,ASSUMPTION_PLACEHOLDER_SERIES
6/17/2021,1566.23,22724,270.7,ASSUMPTION_PLACEHOLDER_SERIES
6/18/2021,1586.22,22742,-177.7,ASSUMPTION_PLACEHOLDER_SERIES
6/21/2021,1622.95,22735,-285.2,ASSUMPTION_PLACEHOLDER_SERIES
6/22/2021,1634.13,22712,-19,ASSUMPTION_PLACEHOLDER_SERIES
6/23/2021,1656.23,22720,-581.3,ASSUMPTION_PLACEHOLDER_SERIES
6/24/2021,1658.27,22665,493.8,ASSUMPTION_PLACEHOLDER_SERIES
6/25/2021,1675.17,22700,112.1,ASSUMPTION_PLACEHOLDER_SERIES
6/28/2021,1683.67,22702,-290.4,ASSUMPTION_PLACEHOLDER_SERIES
6/29/2021,1668.11,22652,-1244.8,ASSUMPTION_PLACEHOLDER_SERIES
6/30/2021,1657.76,22695,-1346.1,ASSUMPTION_PLACEHOLDER_SERIES
7/1/2021,1671.84,22675,96.8,ASSUMPTION_PLACEHOLDER_SERIES
7/2/2021,1666.63,22731,-107.7,ASSUMPTION_PLACEHOLDER_SERIES
7/5/2021,1638.29,22775,228.6,ASSUMPTION_PLACEHOLDER_SERIES
7/6/2021,1654.05,22773,-432.1,ASSUMPTION_PLACEHOLDER_SERIES
7/7/2021,1631.13,22854,459.5,ASSUMPTION_PLACEHOLDER_SERIES
7/8/2021,1656.44,22847,494.2,ASSUMPTION_PLACEHOLDER_SERIES
7/9/2021,1637.3,22890,-162.5,ASSUMPTION_PLACEHOLDER_SERIES
7/12/2021,1645.22,22903,-37.9,ASSUMPTION_PLACEHOLDER_SERIES
7/13/2021,1638.86,22950,-62.3,ASSUMPTION_PLACEHOLDER_SERIES
7/14/2021,1676.98,23023,-237,ASSUMPTION_PLACEHOLDER_SERIES
7/15/2021,1682.32,23089,-167.1,ASSUMPTION_PLACEHOLDER_SERIES
7/16/2021,1698.85,23107,-389.5,ASSUMPTION_PLACEHOLDER_SERIES
7/19/2021,1683.53,23078,210.3,ASSUMPTION_PLACEHOLDER_SERIES
7/20/2021,1699.03,23110,195.9,ASSUMPTION_PLACEHOLDER_SERIES
7/21/2021,1690.01,23137,826,ASSUMPTION_PLACEHOLDER_SERIES
7/22/2021,1676.86,23179,-320.8,ASSUMPTION_PLACEHOLDER_SERIES
7/23/2021,1654.47,23228,293.9,ASSUMPTION_PLACEHOLDER_SERIES
7/26/2021,1681.18,23279,860.2,ASSUMPTION_PLACEHOLDER_SERIES
7/27/2021,1696.45,23309,-43.8,ASSUMPTION_PLACEHOLDER_SERIES
7/28/2021,1660.13,23233,53.8,ASSUMPTION_PLACEHOLDER_SERIES
7/29/2021,1655.8,23265,345.4,ASSUMPTION_PLACEHOLDER_SERIES
7/30/2021,1669.82,23288,475.2,ASSUMPTION_PLACEHOLDER_SERIES
8/2/2021,1658.51,23258,-620.9,ASSUMPTION_PLACEHOLDER_SERIES
8/3/2021,1634.84,23299,-717.3,ASSUMPTION_PLACEHOLDER_SERIES
8/4/2021,1642.92,23303,188.5,ASSUMPTION_PLACEHOLDER_SERIES
8/5/2021,1611.75,23342,-643,ASSUMPTION_PLACEHOLDER_SERIES
8/6/2021,1613.81,23375,59,ASSUMPTION_PLACEHOLDER_SERIES
8/9/2021,1583.27,23389,-25.5,ASSUMPTION_PLACEHOLDER_SERIES
8/10/2021,1560.41,23432,-147,ASSUMPTION_PLACEHOLDER_SERIES
8/11/2021,1564.21,23482,881.9,ASSUMPTION_PLACEHOLDER_SERIES
8/12/2021,1576.76,23404,496.1,ASSUMPTION_PLACEHOLDER_SERIES
8/13/2021,1578.46,23405,-747,ASSUMPTION_PLACEHOLDER_SERIES
8/16/2021,1589.93,23443,-62.9,ASSUMPTION_PLACEHOLDER_SERIES
8/17/2021,1590.18,23451,-523.6,ASSUMPTION_PLACEHOLDER_SERIES
8/18/2021,1603.52,23464,392.7,ASSUMPTION_PLACEHOLDER_SERIES
8/19/2021,1616.62,23458,201.4,ASSUMPTION_PLACEHOLDER_SERIES
8/20/2021,1634.2,23466,293.9,ASSUMPTION_PLACEHOLDER_SERIES
8/23/2021,1629.65,23473,239,ASSUMPTION_PLACEHOLDER_SERIES
8/24/2021,1643,23450,228.4,ASSUMPTION_PLACEHOLDER_SERIES
8/25/2021,1675.88,23494,-235,ASSUMPTION_PLACEHOLDER_SERIES
8/26/2021,1658.89,23457,-0.3,ASSUMPTION_PLACEHOLDER_SERIES
8/27/2021,1655.32,23419,18.8,ASSUMPTION_PLACEHOLDER_SERIES
8/30/2021,1633.76,23421,-91.5,ASSUMPTION_PLACEHOLDER_SERIES
8/31/2021,1662.78,23372,-314.3,ASSUMPTION_PLACEHOLDER_SERIES
9/1/2021,1625.23,23434,526.1,ASSUMPTION_PLACEHOLDER_SERIES
9/2/2021,1614.02,23375,344.5,ASSUMPTION_PLACEHOLDER_SERIES
9/3/2021,1604.66,23335,615.1,ASSUMPTION_PLACEHOLDER_SERIES
9/6/2021,1633.77,23323,-664.7,ASSUMPTION_PLACEHOLDER_SERIES
9/7/2021,1626.33,23238,-403.9,ASSUMPTION_PLACEHOLDER_SERIES
9/8/2021,1574.59,23242,-293.1,ASSUMPTION_PLACEHOLDER_SERIES
9/9/2021,1579.75,23229,-339.7,ASSUMPTION_PLACEHOLDER_SERIES
9/10/2021,1578.21,23275,-54.6,ASSUMPTION_PLACEHOLDER_SERIES
9/13/2021,1583.28,23347,325,ASSUMPTION_PLACEHOLDER_SERIES
9/14/2021,1569.7,23400,417.3,ASSUMPTION_PLACEHOLDER_SERIES
9/15/2021,1571.16,23386,386.9,ASSUMPTION_PLACEHOLDER_SERIES
9/16/2021,1556.39,23354,-629.6,ASSUMPTION_PLACEHOLDER_SERIES
9/17/2021,1528.99,23271,-610.2,ASSUMPTION_PLACEHOLDER_SERIES
9/20/2021,1507.27,23311,399.7,ASSUMPTION_PLACEHOLDER_SERIES
9/21/2021,1512.16,23267,-110.7,ASSUMPTION_PLACEHOLDER_SERIES
9/22/2021,1530.2,23284,-265.5,ASSUMPTION_PLACEHOLDER_SERIES
9/23/2021,1526.23,23238,-10.8,ASSUMPTION_PLACEHOLDER_SERIES
9/24/2021,1504.63,23281,39.1,ASSUMPTION_PLACEHOLDER_SERIES
9/27/2021,1507.24,23288,-26.9,ASSUMPTION_PLACEHOLDER_SERIES
9/28/2021,1469.82,23313,158.4,ASSUMPTION_PLACEHOLDER_SERIES
9/29/2021,1445.6,23333,-327.7,ASSUMPTION_PLACEHOLDER_SERIES
9/30/2021,1482.47,23373,-649.4,ASSUMPTION_PLACEHOLDER_SERIES
10/1/2021,1479.25,23360,-302.8,ASSUMPTION_PLACEHOLDER_SERIES
10/4/2021,1487.48,23328,51.2,ASSUMPTION_PLACEHOLDER_SERIES
10/5/2021,1496.64,23334,-116.8,ASSUMPTION_PLACEHOLDER_SERIES
10/6/2021,1482.42,23318,1047,ASSUMPTION_PLACEHOLDER_SERIES
10/7/2021,1469.07,23336,155.8,ASSUMPTION_PLACEHOLDER_SERIES
10/8/2021,1475.28,23384,132.8,ASSUMPTION_PLACEHOLDER_SERIES
10/11/2021,1500.57,23387,-756.4,ASSUMPTION_PLACEHOLDER_SERIES
10/12/2021,1497.13,23409,-106.9,ASSUMPTION_PLACEHOLDER_SERIES
10/13/2021,1499.02,23373,-104.6,ASSUMPTION_PLACEHOLDER_SERIES
10/14/2021,1511.27,23363,-223.4,ASSUMPTION_PLACEHOLDER_SERIES
10/15/2021,1519.67,23342,322.7,ASSUMPTION_PLACEHOLDER_SERIES
10/18/2021,1545.46,23370,141.3,ASSUMPTION_PLACEHOLDER_SERIES
10/19/2021,1552.2,23378,-487,ASSUMPTION_PLACEHOLDER_SERIES
10/20/2021,1536.25,23380,-143.8,ASSUMPTION_PLACEHOLDER_SERIES
10/21/2021,1526.71,23326,57.9,ASSUMPTION_PLACEHOLDER_SERIES
10/22/2021,1514.13,23296,-183.8,ASSUMPTION_PLACEHOLDER_SERIES
10/25/2021,1526.64,23366,242.3,ASSUMPTION_PLACEHOLDER_SERIES
10/26/2021,1516.95,23276,375.1,ASSUMPTION_PLACEHOLDER_SERIES
10/27/2021,1514.92,23262,481.7,ASSUMPTION_PLACEHOLDER_SERIES
10/28/2021,1498.29,23268,-589.3,ASSUMPTION_PLACEHOLDER_SERIES
10/29/2021,1447.13,23230,228.3,ASSUMPTION_PLACEHOLDER_SERIES
11/1/2021,1442.25,23292,801.4,ASSUMPTION_PLACEHOLDER_SERIES
11/2/2021,1458.5,23273,678.4,ASSUMPTION_PLACEHOLDER_SERIES
11/3/2021,1477.57,23211,518.5,ASSUMPTION_PLACEHOLDER_SERIES
11/4/2021,1466.01,23226,-85.2,ASSUMPTION_PLACEHOLDER_SERIES
11/5/2021,1450.09,23205,-53.9,ASSUMPTION_PLACEHOLDER_SERIES
11/8/2021,1478.93,23203,45.5,ASSUMPTION_PLACEHOLDER_SERIES
11/9/2021,1444.41,23196,437.8,ASSUMPTION_PLACEHOLDER_SERIES
11/10/2021,1422.02,23188,79.1,ASSUMPTION_PLACEHOLDER_SERIES
11/11/2021,1428.92,23189,-115.5,ASSUMPTION_PLACEHOLDER_SERIES
11/12/2021,1466.04,23247,-709.8,ASSUMPTION_PLACEHOLDER_SERIES
11/15/2021,1485.45,23263,206.7,ASSUMPTION_PLACEHOLDER_SERIES
11/16/2021,1468.48,23267,100,ASSUMPTION_PLACEHOLDER_SERIES
11/17/2021,1450.71,23243,-600.2,ASSUMPTION_PLACEHOLDER_SERIES
11/18/2021,1457.08,23216,256.2,ASSUMPTION_PLACEHOLDER_SERIES
11/19/2021,1463.11,23194,946.8,ASSUMPTION_PLACEHOLDER_SERIES
11/22/2021,1465.92,23232,209.9,ASSUMPTION_PLACEHOLDER_SERIES
11/23/2021,1447.84,23269,719.1,ASSUMPTION_PLACEHOLDER_SERIES
11/24/2021,1420.88,23308,434.4,ASSUMPTION_PLACEHOLDER_SERIES
11/25/2021,1405.46,23346,359.9,ASSUMPTION_PLACEHOLDER_SERIES
11/26/2021,1405.78,23301,-545.6,ASSUMPTION_PLACEHOLDER_SERIES
11/29/2021,1404.4,23355,562.4,ASSUMPTION_PLACEHOLDER_SERIES
11/30/2021,1402.57,23323,-78.7,ASSUMPTION_PLACEHOLDER_SERIES
12/1/2021,1425.72,23276,-269.6,ASSUMPTION_PLACEHOLDER_SERIES
12/2/2021,1422.63,23266,-119.5,ASSUMPTION_PLACEHOLDER_SERIES
12/3/2021,1450.11,23235,304.5,ASSUMPTION_PLACEHOLDER_SERIES
12/6/2021,1441.23,23219,-65.4,ASSUMPTION_PLACEHOLDER_SERIES
12/7/2021,1435.38,23244,-62.4,ASSUMPTION_PLACEHOLDER_SERIES
12/8/2021,1421.76,23314,445.9,ASSUMPTION_PLACEHOLDER_SERIES
12/9/2021,1419.68,23289,100.4,ASSUMPTION_PLACEHOLDER_SERIES
12/10/2021,1414.42,23256,-514,ASSUMPTION_PLACEHOLDER_SERIES
12/13/2021,1375.85,23255,-758.7,ASSUMPTION_PLACEHOLDER_SERIES
12/14/2021,1379.69,23255,-328.1,ASSUMPTION_PLACEHOLDER_SERIES
12/15/2021,1414.64,23239,-533.2,ASSUMPTION_PLACEHOLDER_SERIES
12/16/2021,1388.66,23239,-258,ASSUMPTION_PLACEHOLDER_SERIES
12/17/2021,1394.42,23246,681.3,ASSUMPTION_PLACEHOLDER_SERIES
12/20/2021,1367.42,23221,492.6,ASSUMPTION_PLACEHOLDER_SERIES
12/21/2021,1347.44,23238,299.9,ASSUMPTION_PLACEHOLDER_SERIES
12/22/2021,1334.05,23193,-43,ASSUMPTION_PLACEHOLDER_SERIES
12/23/2021,1336.48,23154,104.3,ASSUMPTION_PLACEHOLDER_SERIES
12/24/2021,1342.92,23091,-501.1,ASSUMPTION_PLACEHOLDER_SERIES
12/27/2021,1347.11,23107,-563.6,ASSUMPTION_PLACEHOLDER_SERIES
12/28/2021,1362.07,23091,381.6,ASSUMPTION_PLACEHOLDER_SERIES
12/29/2021,1364.85,23105,440,ASSUMPTION_PLACEHOLDER_SERIES
12/30/2021,1357.09,23125,-282.7,ASSUMPTION_PLACEHOLDER_SERIES
12/31/2021,1357.45,23172,-18.2,ASSUMPTION_PLACEHOLDER_SERIES
1/3/2022,1373.43,23131,99.7,ASSUMPTION_PLACEHOLDER_SERIES
1/4/2022,1391.07,23094,-380.3,ASSUMPTION_PLACEHOLDER_SERIES
1/5/2022,1391.22,23050,-189.9,ASSUMPTION_PLACEHOLDER_SERIES
1/6/2022,1380.48,23068,15.3,ASSUMPTION_PLACEHOLDER_SERIES
1/7/2022,1425.02,23096,214.5,ASSUMPTION_PLACEHOLDER_SERIES
1/10/2022,1464.63,23088,224.8,ASSUMPTION_PLACEHOLDER_SERIES
1/11/2022,1484.93,23089,-267.3,ASSUMPTION_PLACEHOLDER_SERIES
1/12/2022,1471.03,23136,-53.4,ASSUMPTION_PLACEHOLDER_SERIES
1/13/2022,1468.68,23189,-492,ASSUMPTION_PLACEHOLDER_SERIES
1/14/2022,1483.86,23152,-162,ASSUMPTION_PLACEHOLDER_SERIES
1/17/2022,1465.46,23115,-806.8,ASSUMPTION_PLACEHOLDER_SERIES
1/18/2022,1450.34,23140,977.9,ASSUMPTION_PLACEHOLDER_SERIES
1/19/2022,1452.67,23155,-127.1,ASSUMPTION_PLACEHOLDER_SERIES
1/20/2022,1419.78,23153,211.9,ASSUMPTION_PLACEHOLDER_SERIES
1/21/2022,1391.84,23213,341.2,ASSUMPTION_PLACEHOLDER_SERIES
1/24/2022,1399.07,23274,262.4,ASSUMPTION_PLACEHOLDER_SERIES
1/25/2022,1373.74,23317,-996.5,ASSUMPTION_PLACEHOLDER_SERIES
1/26/2022,1391.97,23288,-171,ASSUMPTION_PLACEHOLDER_SERIES
1/27/2022,1403.61,23382,229.1,ASSUMPTION_PLACEHOLDER_SERIES
1/28/2022,1392.23,23376,1262.6,ASSUMPTION_PLACEHOLDER_SERIES
1/31/2022,1375.41,23341,70.7,ASSUMPTION_PLACEHOLDER_SERIES
2/1/2022,1378.89,23394,585.6,ASSUMPTION_PLACEHOLDER_SERIES
2/2/2022,1399.86,23330,98.8,ASSUMPTION_PLACEHOLDER_SERIES
2/3/2022,1382.87,23308,-845.1,ASSUMPTION_PLACEHOLDER_SERIES
2/4/2022,1371.91,23338,3.9,ASSUMPTION_PLACEHOLDER_SERIES
2/7/2022,1393.92,23306,35.9,ASSUMPTION_PLACEHOLDER_SERIES
2/8/2022,1339.87,23272,602.3,ASSUMPTION_PLACEHOLDER_SERIES
2/9/2022,1330.76,23290,-109.5,ASSUMPTION_PLACEHOLDER_SERIES
2/10/2022,1324.07,23287,-695.3,ASSUMPTION_PLACEHOLDER_SERIES
2/11/2022,1298.71,23322,33.4,ASSUMPTION_PLACEHOLDER_SERIES
2/14/2022,1316.09,23322,-694.8,ASSUMPTION_PLACEHOLDER_SERIES
2/15/2022,1343.68,23326,608.8,ASSUMPTION_PLACEHOLDER_SERIES
2/16/2022,1371.91,23346,-658.9,ASSUMPTION_PLACEHOLDER_SERIES
2/17/2022,1388.61,23341,-86.2,ASSUMPTION_PLACEHOLDER_SERIES
2/18/2022,1383.63,23252,124.7,ASSUMPTION_PLACEHOLDER_SERIES
2/21/2022,1394.06,23247,-190.5,ASSUMPTION_PLACEHOLDER_SERIES
2/22/2022,1381.71,23220,325.2,ASSUMPTION_PLACEHOLDER_SERIES
2/23/2022,1380.84,23305,-389.5,ASSUMPTION_PLACEHOLDER_SERIES
2/24/2022,1397.48,23295,788.7,ASSUMPTION_PLACEHOLDER_SERIES
2/25/2022,1393.38,23300,116.5,ASSUMPTION_PLACEHOLDER_SERIES
2/28/2022,1391.63,23306,-455.3,ASSUMPTION_PLACEHOLDER_SERIES
3/1/2022,1417.97,23234,-349.1,ASSUMPTION_PLACEHOLDER_SERIES
3/2/2022,1425.78,23224,-413.8,ASSUMPTION_PLACEHOLDER_SERIES
3/3/2022,1428.47,23200,-894.8,ASSUMPTION_PLACEHOLDER_SERIES
3/4/2022,1431.5,23227,286.6,ASSUMPTION_PLACEHOLDER_SERIES
3/7/2022,1429.24,23188,224.6,ASSUMPTION_PLACEHOLDER_SERIES
3/8/2022,1442.84,23143,817.6,ASSUMPTION_PLACEHOLDER_SERIES
3/9/2022,1445.96,23133,-195,ASSUMPTION_PLACEHOLDER_SERIES
3/10/2022,1424.69,23117,-747.1,ASSUMPTION_PLACEHOLDER_SERIES
3/11/2022,1447.68,23066,-722.6,ASSUMPTION_PLACEHOLDER_SERIES
3/14/2022,1444.57,23094,173.1,ASSUMPTION_PLACEHOLDER_SERIES
3/15/2022,1436.3,23069,-192.9,ASSUMPTION_PLACEHOLDER_SERIES
3/16/2022,1472.13,23017,477.4,ASSUMPTION_PLACEHOLDER_SERIES
3/17/2022,1515.11,23040,-26,ASSUMPTION_PLACEHOLDER_SERIES
3/18/2022,1514.07,23044,-262.1,ASSUMPTION_PLACEHOLDER_SERIES
3/21/2022,1500.33,23045,78.2,ASSUMPTION_PLACEHOLDER_SERIES
3/22/2022,1454.19,23047,-316.3,ASSUMPTION_PLACEHOLDER_SERIES
3/23/2022,1481.24,23071,226.2,ASSUMPTION_PLACEHOLDER_SERIES
3/24/2022,1483.43,23113,-915.4,ASSUMPTION_PLACEHOLDER_SERIES
3/25/2022,1525.44,23030,312.2,ASSUMPTION_PLACEHOLDER_SERIES
3/28/2022,1537.33,23002,-409.9,ASSUMPTION_PLACEHOLDER_SERIES
3/29/2022,1538.79,23011,605.7,ASSUMPTION_PLACEHOLDER_SERIES
3/30/2022,1516.64,23022,-99.2,ASSUMPTION_PLACEHOLDER_SERIES
3/31/2022,1495.48,23051,51.2,ASSUMPTION_PLACEHOLDER_SERIES
4/1/2022,1504.74,23105,-571.2,ASSUMPTION_PLACEHOLDER_SERIES
4/4/2022,1511.47,23100,212.7,ASSUMPTION_PLACEHOLDER_SERIES
4/5/2022,1489.46,23124,60.7,ASSUMPTION_PLACEHOLDER_SERIES
4/6/2022,1430.15,23149,-11.7,ASSUMPTION_PLACEHOLDER_SERIES
4/7/2022,1447.19,23146,-323.2,ASSUMPTION_PLACEHOLDER_SERIES
4/8/2022,1426.34,23120,125.5,ASSUMPTION_PLACEHOLDER_SERIES
4/11/2022,1413.51,23107,-231.7,ASSUMPTION_PLACEHOLDER_SERIES
4/12/2022,1403.02,23105,27.3,ASSUMPTION_PLACEHOLDER_SERIES
4/13/2022,1402.58,23157,-330.7,ASSUMPTION_PLACEHOLDER_SERIES
4/14/2022,1415.13,23123,-329.7,ASSUMPTION_PLACEHOLDER_SERIES
4/15/2022,1409.87,23107,146.2,ASSUMPTION_PLACEHOLDER_SERIES
4/18/2022,1376.77,23093,-131,ASSUMPTION_PLACEHOLDER_SERIES
4/19/2022,1367.59,23061,-330.8,ASSUMPTION_PLACEHOLDER_SERIES
4/20/2022,1380.83,23106,221.2,ASSUMPTION_PLACEHOLDER_SERIES
4/21/2022,1388.28,23103,383.6,ASSUMPTION_PLACEHOLDER_SERIES
4/22/2022,1408.49,23080,-228.1,ASSUMPTION_PLACEHOLDER_SERIES
4/25/2022,1440.1,23111,295.3,ASSUMPTION_PLACEHOLDER_SERIES
4/26/2022,1448.75,23090,-120.9,ASSUMPTION_PLACEHOLDER_SERIES
4/27/2022,1458.86,23124,422.4,ASSUMPTION_PLACEHOLDER_SERIES
4/28/2022,1419.76,23171,-225.9,ASSUMPTION_PLACEHOLDER_SERIES
4/29/2022,1405.19,23130,210.6,ASSUMPTION_PLACEHOLDER_SERIES
5/2/2022,1397.31,23148,53.7,ASSUMPTION_PLACEHOLDER_SERIES
5/3/2022,1422.32,23189,289.2,ASSUMPTION_PLACEHOLDER_SERIES
5/4/2022,1461.16,23192,4.9,ASSUMPTION_PLACEHOLDER_SERIES
5/5/2022,1476.21,23202,-393.3,ASSUMPTION_PLACEHOLDER_SERIES
5/6/2022,1470.15,23191,-137.6,ASSUMPTION_PLACEHOLDER_SERIES
5/9/2022,1516.53,23205,-375.6,ASSUMPTION_PLACEHOLDER_SERIES
5/10/2022,1515.12,23187,-48.5,ASSUMPTION_PLACEHOLDER_SERIES
5/11/2022,1505.76,23185,209,ASSUMPTION_PLACEHOLDER_SERIES
5/12/2022,1511.67,23186,-24.5,ASSUMPTION_PLACEHOLDER_SERIES
5/13/2022,1460.44,23152,-615.8,ASSUMPTION_PLACEHOLDER_SERIES
5/16/2022,1482.25,23162,-717.8,ASSUMPTION_PLACEHOLDER_SERIES
5/17/2022,1454.59,23160,407.1,ASSUMPTION_PLACEHOLDER_SERIES
5/18/2022,1482.01,23177,234.4,ASSUMPTION_PLACEHOLDER_SERIES
5/19/2022,1454.78,23171,-547.6,ASSUMPTION_PLACEHOLDER_SERIES
5/20/2022,1435.52,23126,377.2,ASSUMPTION_PLACEHOLDER_SERIES
5/23/2022,1434.42,23026,647.5,ASSUMPTION_PLACEHOLDER_SERIES
5/24/2022,1403.46,23088,474.1,ASSUMPTION_PLACEHOLDER_SERIES
5/25/2022,1423.47,23117,269,ASSUMPTION_PLACEHOLDER_SERIES
5/26/2022,1462.92,23134,1066.2,ASSUMPTION_PLACEHOLDER_SERIES
5/27/2022,1407.29,23129,485.6,ASSUMPTION_PLACEHOLDER_SERIES
5/30/2022,1364.49,23154,562.2,ASSUMPTION_PLACEHOLDER_SERIES
5/31/2022,1380.67,23205,51.2,ASSUMPTION_PLACEHOLDER_SERIES
6/1/2022,1396.15,23194,-502.3,ASSUMPTION_PLACEHOLDER_SERIES
6/2/2022,1331.39,23174,-506.9,ASSUMPTION_PLACEHOLDER_SERIES
6/3/2022,1312.81,23219,-485.5,ASSUMPTION_PLACEHOLDER_SERIES
6/6/2022,1292.72,23196,-214.1,ASSUMPTION_PLACEHOLDER_SERIES
6/7/2022,1295.22,23248,-287.3,ASSUMPTION_PLACEHOLDER_SERIES
6/8/2022,1322.05,23313,-257.5,ASSUMPTION_PLACEHOLDER_SERIES
6/9/2022,1315.31,23352,-286.2,ASSUMPTION_PLACEHOLDER_SERIES
6/10/2022,1280.14,23367,358,ASSUMPTION_PLACEHOLDER_SERIES
6/13/2022,1241,23327,170.8,ASSUMPTION_PLACEHOLDER_SERIES
6/14/2022,1252.35,23360,373.5,ASSUMPTION_PLACEHOLDER_SERIES
6/15/2022,1252.47,23381,309.8,ASSUMPTION_PLACEHOLDER_SERIES
6/16/2022,1276.28,23368,-321,ASSUMPTION_PLACEHOLDER_SERIES
6/17/2022,1240.23,23364,344.5,ASSUMPTION_PLACEHOLDER_SERIES
6/20/2022,1253.1,23301,762.9,ASSUMPTION_PLACEHOLDER_SERIES
6/21/2022,1300.99,23269,-235.2,ASSUMPTION_PLACEHOLDER_SERIES
6/22/2022,1300.41,23248,-157.1,ASSUMPTION_PLACEHOLDER_SERIES
6/23/2022,1296.04,23306,-126.7,ASSUMPTION_PLACEHOLDER_SERIES
6/24/2022,1313.7,23285,351.8,ASSUMPTION_PLACEHOLDER_SERIES
6/27/2022,1330.64,23324,-334.2,ASSUMPTION_PLACEHOLDER_SERIES
6/28/2022,1352.31,23325,223.9,ASSUMPTION_PLACEHOLDER_SERIES
6/29/2022,1303.84,23359,373.5,ASSUMPTION_PLACEHOLDER_SERIES
6/30/2022,1309.2,23318,-191.8,ASSUMPTION_PLACEHOLDER_SERIES
7/1/2022,1328.83,23382,-303.3,ASSUMPTION_PLACEHOLDER_SERIES
7/4/2022,1334.52,23348,418.5,ASSUMPTION_PLACEHOLDER_SERIES
7/5/2022,1315.87,23344,-1306.3,ASSUMPTION_PLACEHOLDER_SERIES
7/6/2022,1330.58,23386,-129,ASSUMPTION_PLACEHOLDER_SERIES
7/7/2022,1337.62,23392,174.8,ASSUMPTION_PLACEHOLDER_SERIES
7/8/2022,1318.85,23370,-734.8,ASSUMPTION_PLACEHOLDER_SERIES
7/11/2022,1292.97,23388,393.8,ASSUMPTION_PLACEHOLDER_SERIES
7/12/2022,1279.42,23427,72.4,ASSUMPTION_PLACEHOLDER_SERIES
7/13/2022,1326.71,23384,403.6,ASSUMPTION_PLACEHOLDER_SERIES
7/14/2022,1284.93,23370,345,ASSUMPTION_PLACEHOLDER_SERIES
7/15/2022,1279.73,23436,-255.1,ASSUMPTION_PLACEHOLDER_SERIES
7/18/2022,1287.67,23423,-351.4,ASSUMPTION_PLACEHOLDER_SERIES
7/19/2022,1258.61,23447,-659.9,ASSUMPTION_PLACEHOLDER_SERIES
7/20/2022,1295.74,23400,630.4,ASSUMPTION_PLACEHOLDER_SERIES
7/21/2022,1311.14,23411,-646.3,ASSUMPTION_PLACEHOLDER_SERIES
7/22/2022,1283.11,23427,653.3,ASSUMPTION_PLACEHOLDER_SERIES
7/25/2022,1285.23,23384,-327.9,ASSUMPTION_PLACEHOLDER_SERIES
7/26/2022,1275.53,23412,-377.9,ASSUMPTION_PLACEHOLDER_SERIES
7/27/2022,1270.23,23396,-700.5,ASSUMPTION_PLACEHOLDER_SERIES
7/28/2022,1248.5,23439,1253,ASSUMPTION_PLACEHOLDER_SERIES
7/29/2022,1285.42,23473,-424.8,ASSUMPTION_PLACEHOLDER_SERIES
8/1/2022,1232.54,23449,301.7,ASSUMPTION_PLACEHOLDER_SERIES
8/2/2022,1184.54,23456,89.4,ASSUMPTION_PLACEHOLDER_SERIES
8/3/2022,1193.06,23461,-180.1,ASSUMPTION_PLACEHOLDER_SERIES
8/4/2022,1184.78,23467,-33.5,ASSUMPTION_PLACEHOLDER_SERIES
8/5/2022,1174.62,23433,229.4,ASSUMPTION_PLACEHOLDER_SERIES
8/8/2022,1185.44,23494,193.5,ASSUMPTION_PLACEHOLDER_SERIES
8/9/2022,1215.58,23427,262.5,ASSUMPTION_PLACEHOLDER_SERIES
8/10/2022,1216.96,23375,-502.7,ASSUMPTION_PLACEHOLDER_SERIES
8/11/2022,1207.92,23437,-218.3,ASSUMPTION_PLACEHOLDER_SERIES
8/12/2022,1221.11,23424,-80.8,ASSUMPTION_PLACEHOLDER_SERIES
8/15/2022,1216.89,23407,-678.4,ASSUMPTION_PLACEHOLDER_SERIES
8/16/2022,1178,23452,-362.4,ASSUMPTION_PLACEHOLDER_SERIES
8/17/2022,1195.07,23422,-995.8,ASSUMPTION_PLACEHOLDER_SERIES
8/18/2022,1185.03,23453,-54.7,ASSUMPTION_PLACEHOLDER_SERIES
8/19/2022,1190.27,23385,818.7,ASSUMPTION_PLACEHOLDER_SERIES
8/22/2022,1183.49,23381,-61.2,ASSUMPTION_PLACEHOLDER_SERIES
8/23/2022,1200.16,23361,-229.3,ASSUMPTION_PLACEHOLDER_SERIES
8/24/2022,1153.79,23355,-615.1,ASSUMPTION_PLACEHOLDER_SERIES
8/25/2022,1145.47,23329,-55.1,ASSUMPTION_PLACEHOLDER_SERIES
8/26/2022,1170.09,23338,-374.6,ASSUMPTION_PLACEHOLDER_SERIES
8/29/2022,1164.23,23340,-79.3,ASSUMPTION_PLACEHOLDER_SERIES
8/30/2022,1180.97,23399,874.3,ASSUMPTION_PLACEHOLDER_SERIES
8/31/2022,1202.78,23425,-265.5,ASSUMPTION_PLACEHOLDER_SERIES
9/1/2022,1175.37,23349,179.3,ASSUMPTION_PLACEHOLDER_SERIES
9/2/2022,1178.35,23330,446.1,ASSUMPTION_PLACEHOLDER_SERIES
9/5/2022,1196.05,23364,-9.3,ASSUMPTION_PLACEHOLDER_SERIES
9/6/2022,1202.35,23334,-52.4,ASSUMPTION_PLACEHOLDER_SERIES
9/7/2022,1212.11,23302,546.4,ASSUMPTION_PLACEHOLDER_SERIES
9/8/2022,1215.9,23265,-381.3,ASSUMPTION_PLACEHOLDER_SERIES
9/9/2022,1206.67,23323,644.6,ASSUMPTION_PLACEHOLDER_SERIES
9/12/2022,1206.53,23357,-992.6,ASSUMPTION_PLACEHOLDER_SERIES
9/13/2022,1213.09,23383,314.9,ASSUMPTION_PLACEHOLDER_SERIES
9/14/2022,1205.51,23376,273.1,ASSUMPTION_PLACEHOLDER_SERIES
9/15/2022,1240.75,23412,871.9,ASSUMPTION_PLACEHOLDER_SERIES
9/16/2022,1221.77,23407,-116,ASSUMPTION_PLACEHOLDER_SERIES
9/19/2022,1229.49,23452,631.6,ASSUMPTION_PLACEHOLDER_SERIES
9/20/2022,1262.32,23434,625.6,ASSUMPTION_PLACEHOLDER_SERIES
9/21/2022,1269.1,23431,468.4,ASSUMPTION_PLACEHOLDER_SERIES
9/22/2022,1252.48,23456,-694,ASSUMPTION_PLACEHOLDER_SERIES
9/23/2022,1250.84,23481,392.2,ASSUMPTION_PLACEHOLDER_SERIES
9/26/2022,1278.4,23463,894.8,ASSUMPTION_PLACEHOLDER_SERIES
9/27/2022,1305.63,23408,-676.9,ASSUMPTION_PLACEHOLDER_SERIES
9/28/2022,1285.59,23426,-690.9,ASSUMPTION_PLACEHOLDER_SERIES
9/29/2022,1299.13,23484,-77,ASSUMPTION_PLACEHOLDER_SERIES
9/30/2022,1303.99,23514,-129.6,ASSUMPTION_PLACEHOLDER_SERIES
10/3/2022,1309.71,23470,574.1,ASSUMPTION_PLACEHOLDER_SERIES
10/4/2022,1290.85,23508,-466.6,ASSUMPTION_PLACEHOLDER_SERIES
10/5/2022,1312.81,23473,458.7,ASSUMPTION_PLACEHOLDER_SERIES
10/6/2022,1301.79,23429,-819,ASSUMPTION_PLACEHOLDER_SERIES
10/7/2022,1303.47,23435,-430.6,ASSUMPTION_PLACEHOLDER_SERIES
10/10/2022,1276.76,23386,-300,ASSUMPTION_PLACEHOLDER_SERIES
10/11/2022,1267.74,23389,-167.5,ASSUMPTION_PLACEHOLDER_SERIES
10/12/2022,1256.62,23371,-406.6,ASSUMPTION_PLACEHOLDER_SERIES
10/13/2022,1230.44,23399,101.9,ASSUMPTION_PLACEHOLDER_SERIES
10/14/2022,1213.41,23448,427,ASSUMPTION_PLACEHOLDER_SERIES
10/17/2022,1230.45,23413,-506.5,ASSUMPTION_PLACEHOLDER_SERIES
10/18/2022,1201.58,23415,130.8,ASSUMPTION_PLACEHOLDER_SERIES
10/19/2022,1215.59,23469,686.8,ASSUMPTION_PLACEHOLDER_SERIES
10/20/2022,1198.06,23472,-212.1,ASSUMPTION_PLACEHOLDER_SERIES
10/21/2022,1203.32,23426,485.6,ASSUMPTION_PLACEHOLDER_SERIES
10/24/2022,1199.39,23399,265.2,ASSUMPTION_PLACEHOLDER_SERIES
10/25/2022,1214.81,23375,234.1,ASSUMPTION_PLACEHOLDER_SERIES
10/26/2022,1208.82,23438,-96.9,ASSUMPTION_PLACEHOLDER_SERIES
10/27/2022,1217.35,23454,-160.9,ASSUMPTION_PLACEHOLDER_SERIES
10/28/2022,1206.67,23479,49.1,ASSUMPTION_PLACEHOLDER_SERIES
10/31/2022,1239.84,23461,0.9,ASSUMPTION_PLACEHOLDER_SERIES
11/1/2022,1264.08,23515,151,ASSUMPTION_PLACEHOLDER_SERIES
11/2/2022,1270.64,23544,406.4,ASSUMPTION_PLACEHOLDER_SERIES
11/3/2022,1284.66,23571,-490.4,ASSUMPTION_PLACEHOLDER_SERIES
11/4/2022,1279.57,23510,72.6,ASSUMPTION_PLACEHOLDER_SERIES
11/7/2022,1301.4,23519,195.2,ASSUMPTION_PLACEHOLDER_SERIES
11/8/2022,1287.3,23511,990.1,ASSUMPTION_PLACEHOLDER_SERIES
11/9/2022,1294.96,23534,-158.7,ASSUMPTION_PLACEHOLDER_SERIES
11/10/2022,1294.68,23558,991.6,ASSUMPTION_PLACEHOLDER_SERIES
11/11/2022,1279.77,23553,-254.5,ASSUMPTION_PLACEHOLDER_SERIES
11/14/2022,1292.96,23526,260.4,ASSUMPTION_PLACEHOLDER_SERIES
11/15/2022,1269.86,23533,-357.1,ASSUMPTION_PLACEHOLDER_SERIES
11/16/2022,1253.69,23525,274.4,ASSUMPTION_PLACEHOLDER_SERIES
11/17/2022,1249.53,23539,-600,ASSUMPTION_PLACEHOLDER_SERIES
11/18/2022,1239.5,23622,-331.2,ASSUMPTION_PLACEHOLDER_SERIES
11/21/2022,1226.71,23677,324,ASSUMPTION_PLACEHOLDER_SERIES
11/22/2022,1225.98,23659,-376,ASSUMPTION_PLACEHOLDER_SERIES
11/23/2022,1204.29,23616,-374.6,ASSUMPTION_PLACEHOLDER_SERIES
11/24/2022,1177.88,23617,108.1,ASSUMPTION_PLACEHOLDER_SERIES
11/25/2022,1197.1,23656,360.5,ASSUMPTION_PLACEHOLDER_SERIES
11/28/2022,1182.35,23682,37.3,ASSUMPTION_PLACEHOLDER_SERIES
11/29/2022,1155.71,23691,-487.6,ASSUMPTION_PLACEHOLDER_SERIES
11/30/2022,1176.17,23654,879.4,ASSUMPTION_PLACEHOLDER_SERIES
12/1/2022,1188.55,23577,-186.5,ASSUMPTION_PLACEHOLDER_SERIES
12/2/2022,1229.62,23565,713.1,ASSUMPTION_PLACEHOLDER_SERIES
12/5/2022,1249.2,23611,-663,ASSUMPTION_PLACEHOLDER_SERIES
12/6/2022,1256.37,23617,71.5,ASSUMPTION_PLACEHOLDER_SERIES
12/7/2022,1267.59,23540,374.1,ASSUMPTION_PLACEHOLDER_SERIES
12/8/2022,1323.76,23483,-56.8,ASSUMPTION_PLACEHOLDER_SERIES
12/9/2022,1363.17,23458,-533.7,ASSUMPTION_PLACEHOLDER_SERIES
12/12/2022,1343.51,23529,641.2,ASSUMPTION_PLACEHOLDER_SERIES
12/13/2022,1356.39,23514,716,ASSUMPTION_PLACEHOLDER_SERIES
12/14/2022,1353.52,23599,-305.6,ASSUMPTION_PLACEHOLDER_SERIES
12/15/2022,1355.12,23611,91.5,ASSUMPTION_PLACEHOLDER_SERIES
12/16/2022,1339.16,23644,249.4,ASSUMPTION_PLACEHOLDER_SERIES
12/19/2022,1355.28,23673,-657.2,ASSUMPTION_PLACEHOLDER_SERIES
12/20/2022,1304.51,23675,514.9,ASSUMPTION_PLACEHOLDER_SERIES
12/21/2022,1332.21,23656,-610,ASSUMPTION_PLACEHOLDER_SERIES
12/22/2022,1327.04,23666,108.2,ASSUMPTION_PLACEHOLDER_SERIES
12/23/2022,1335.86,23660,124.4,ASSUMPTION_PLACEHOLDER_SERIES
12/26/2022,1340.96,23654,227.8,ASSUMPTION_PLACEHOLDER_SERIES
12/27/2022,1340.31,23639,300.3,ASSUMPTION_PLACEHOLDER_SERIES
12/28/2022,1317.77,23706,113.4,ASSUMPTION_PLACEHOLDER_SERIES
12/29/2022,1319.65,23766,182.9,ASSUMPTION_PLACEHOLDER_SERIES
12/30/2022,1317.49,23755,615.5,ASSUMPTION_PLACEHOLDER_SERIES
1/2/2023,1313.51,23728,542.6,ASSUMPTION_PLACEHOLDER_SERIES
1/3/2023,1311.79,23775,-432.6,ASSUMPTION_PLACEHOLDER_SERIES
1/4/2023,1335.22,23747,209.9,ASSUMPTION_PLACEHOLDER_SERIES
1/5/2023,1337.7,23779,-74.3,ASSUMPTION_PLACEHOLDER_SERIES
1/6/2023,1315.44,23846,-168.4,ASSUMPTION_PLACEHOLDER_SERIES
1/9/2023,1328.68,23856,881.3,ASSUMPTION_PLACEHOLDER_SERIES
1/10/2023,1355.11,23879,-492.5,ASSUMPTION_PLACEHOLDER_SERIES
1/11/2023,1360.17,23877,107.3,ASSUMPTION_PLACEHOLDER_SERIES
1/12/2023,1348.44,23927,-782.4,ASSUMPTION_PLACEHOLDER_SERIES
1/13/2023,1343.45,23861,536,ASSUMPTION_PLACEHOLDER_SERIES
1/16/2023,1354.26,23852,-1215.8,ASSUMPTION_PLACEHOLDER_SERIES
1/17/2023,1342.09,23873,355.5,ASSUMPTION_PLACEHOLDER_SERIES
1/18/2023,1318.49,23861,-86.4,ASSUMPTION_PLACEHOLDER_SERIES
1/19/2023,1321.53,23850,75.7,ASSUMPTION_PLACEHOLDER_SERIES
1/20/2023,1332.57,23825,118.3,ASSUMPTION_PLACEHOLDER_SERIES
1/23/2023,1334.08,23783,525,ASSUMPTION_PLACEHOLDER_SERIES
1/24/2023,1380.74,23803,8,ASSUMPTION_PLACEHOLDER_SERIES
1/25/2023,1363.52,23806,158.7,ASSUMPTION_PLACEHOLDER_SERIES
1/26/2023,1360.75,23793,-70.3,ASSUMPTION_PLACEHOLDER_SERIES
1/27/2023,1356.43,23712,124.2,ASSUMPTION_PLACEHOLDER_SERIES
1/30/2023,1361.09,23770,40.4,ASSUMPTION_PLACEHOLDER_SERIES
1/31/2023,1335.23,23822,199.4,ASSUMPTION_PLACEHOLDER_SERIES
2/1/2023,1348.93,23832,920.5,ASSUMPTION_PLACEHOLDER_SERIES
2/2/2023,1351.94,23886,-332.9,ASSUMPTION_PLACEHOLDER_SERIES
2/3/2023,1383.83,23862,-238.9,ASSUMPTION_PLACEHOLDER_SERIES
2/6/2023,1347.62,23892,-514.4,ASSUMPTION_PLACEHOLDER_SERIES
2/7/2023,1346.02,23901,543.6,ASSUMPTION_PLACEHOLDER_SERIES
2/8/2023,1357.99,23961,725.2,ASSUMPTION_PLACEHOLDER_SERIES
2/9/2023,1339.55,23915,394.8,ASSUMPTION_PLACEHOLDER_SERIES
2/10/2023,1365.73,23960,442.4,ASSUMPTION_PLACEHOLDER_SERIES
2/13/2023,1374.26,23982,257.8,ASSUMPTION_PLACEHOLDER_SERIES
2/14/2023,1386.72,24045,-550.2,ASSUMPTION_PLACEHOLDER_SERIES
2/15/2023,1385.83,24071,-634.9,ASSUMPTION_PLACEHOLDER_SERIES
2/16/2023,1352.64,24074,-28.1,ASSUMPTION_PLACEHOLDER_SERIES
2/17/2023,1326.47,24104,330.9,ASSUMPTION_PLACEHOLDER_SERIES
2/20/2023,1318.88,24101,-148.9,ASSUMPTION_PLACEHOLDER_SERIES
2/21/2023,1328.89,24091,24.9,ASSUMPTION_PLACEHOLDER_SERIES
2/22/2023,1315.49,23997,426.6,ASSUMPTION_PLACEHOLDER_SERIES
2/23/2023,1308.41,23941,-22.3,ASSUMPTION_PLACEHOLDER_SERIES
2/24/2023,1315.81,23939,144,ASSUMPTION_PLACEHOLDER_SERIES
2/27/2023,1311.1,23906,-58.9,ASSUMPTION_PLACEHOLDER_SERIES
2/28/2023,1290.44,23909,-69.5,ASSUMPTION_PLACEHOLDER_SERIES
3/1/2023,1284.2,23908,-484.6,ASSUMPTION_PLACEHOLDER_SERIES
3/2/2023,1294.16,23885,-490.8,ASSUMPTION_PLACEHOLDER_SERIES
3/3/2023,1298.03,23919,-149.9,ASSUMPTION_PLACEHOLDER_SERIES
3/6/2023,1293.8,23931,-578.3,ASSUMPTION_PLACEHOLDER_SERIES
3/7/2023,1301.97,23910,-1020.2,ASSUMPTION_PLACEHOLDER_SERIES
3/8/2023,1303.24,23909,-389.4,ASSUMPTION_PLACEHOLDER_SERIES
3/9/2023,1310.03,23893,221.4,ASSUMPTION_PLACEHOLDER_SERIES
3/10/2023,1305.75,23953,285,ASSUMPTION_PLACEHOLDER_SERIES
3/13/2023,1312.3,23971,-421.9,ASSUMPTION_PLACEHOLDER_SERIES
3/14/2023,1294.82,23950,-928.9,ASSUMPTION_PLACEHOLDER_SERIES
3/15/2023,1294.01,23912,15.8,ASSUMPTION_PLACEHOLDER_SERIES
3/16/2023,1288.71,23960,-546.3,ASSUMPTION_PLACEHOLDER_SERIES
3/17/2023,1279.15,23959,-353.3,ASSUMPTION_PLACEHOLDER_SERIES
3/20/2023,1280.62,23978,691.5,ASSUMPTION_PLACEHOLDER_SERIES
3/21/2023,1290.78,23982,-53.1,ASSUMPTION_PLACEHOLDER_SERIES
3/22/2023,1290.09,23997,816.1,ASSUMPTION_PLACEHOLDER_SERIES
3/23/2023,1307.06,23950,134,ASSUMPTION_PLACEHOLDER_SERIES
3/24/2023,1330.76,23965,-453.1,ASSUMPTION_PLACEHOLDER_SERIES
3/27/2023,1322.3,23997,-466.9,ASSUMPTION_PLACEHOLDER_SERIES
3/28/2023,1335.98,24003,-124.1,ASSUMPTION_PLACEHOLDER_SERIES
3/29/2023,1351.31,24034,335.1,ASSUMPTION_PLACEHOLDER_SERIES
3/30/2023,1380.17,24014,1065.9,ASSUMPTION_PLACEHOLDER_SERIES
3/31/2023,1391.87,23979,-58.1,ASSUMPTION_PLACEHOLDER_SERIES
4/3/2023,1375.17,24026,41.5,ASSUMPTION_PLACEHOLDER_SERIES
4/4/2023,1353.85,24063,139.1,ASSUMPTION_PLACEHOLDER_SERIES
4/5/2023,1369.33,24081,375.5,ASSUMPTION_PLACEHOLDER_SERIES
4/6/2023,1371.18,24113,106.4,ASSUMPTION_PLACEHOLDER_SERIES
4/7/2023,1372.45,24121,-859.3,ASSUMPTION_PLACEHOLDER_SERIES
4/10/2023,1381.88,24122,175.2,ASSUMPTION_PLACEHOLDER_SERIES
4/11/2023,1391.66,24103,64,ASSUMPTION_PLACEHOLDER_SERIES
4/12/2023,1379.64,24052,797.7,ASSUMPTION_PLACEHOLDER_SERIES
4/13/2023,1383.64,24010,-49.1,ASSUMPTION_PLACEHOLDER_SERIES
4/14/2023,1392.13,24019,-654,ASSUMPTION_PLACEHOLDER_SERIES
4/17/2023,1391.26,24026,-339.1,ASSUMPTION_PLACEHOLDER_SERIES
4/18/2023,1356.54,24049,-76,ASSUMPTION_PLACEHOLDER_SERIES
4/19/2023,1364.29,24010,-349.1,ASSUMPTION_PLACEHOLDER_SERIES
4/20/2023,1359.07,23961,97.6,ASSUMPTION_PLACEHOLDER_SERIES
4/21/2023,1349.46,23979,238.3,ASSUMPTION_PLACEHOLDER_SERIES
4/24/2023,1359.89,23945,705.9,ASSUMPTION_PLACEHOLDER_SERIES
4/25/2023,1364.18,23916,235.7,ASSUMPTION_PLACEHOLDER_SERIES
4/26/2023,1403.19,23965,-661.5,ASSUMPTION_PLACEHOLDER_SERIES
4/27/2023,1406.59,23990,-300.9,ASSUMPTION_PLACEHOLDER_SERIES
4/28/2023,1400.74,23978,415.4,ASSUMPTION_PLACEHOLDER_SERIES
5/1/2023,1422.42,23968,-411.4,ASSUMPTION_PLACEHOLDER_SERIES
5/2/2023,1390.52,24019,-240.2,ASSUMPTION_PLACEHOLDER_SERIES
5/3/2023,1372.85,24057,801.9,ASSUMPTION_PLACEHOLDER_SERIES
5/4/2023,1378.21,24076,-220.8,ASSUMPTION_PLACEHOLDER_SERIES
5/5/2023,1414.23,24065,887.8,ASSUMPTION_PLACEHOLDER_SERIES
5/8/2023,1378.67,24053,-136.7,ASSUMPTION_PLACEHOLDER_SERIES
5/9/2023,1401.38,24048,-376.6,ASSUMPTION_PLACEHOLDER_SERIES
5/10/2023,1388.9,23994,1024.9,ASSUMPTION_PLACEHOLDER_SERIES
5/11/2023,1389.53,24035,-513,ASSUMPTION_PLACEHOLDER_SERIES
5/12/2023,1398.02,23992,70.9,ASSUMPTION_PLACEHOLDER_SERIES
5/15/2023,1425.48,23989,-35.1,ASSUMPTION_PLACEHOLDER_SERIES
5/16/2023,1401.15,23960,-227.2,ASSUMPTION_PLACEHOLDER_SERIES
5/17/2023,1392.83,23941,281.7,ASSUMPTION_PLACEHOLDER_SERIES
5/18/2023,1395.32,23946,-194.5,ASSUMPTION_PLACEHOLDER_SERIES
5/19/2023,1392.81,24029,-387.2,ASSUMPTION_PLACEHOLDER_SERIES
5/22/2023,1390.69,24023,138.3,ASSUMPTION_PLACEHOLDER_SERIES
5/23/2023,1422.41,24022,620.4,ASSUMPTION_PLACEHOLDER_SERIES
5/24/2023,1419.46,23997,961.1,ASSUMPTION_PLACEHOLDER_SERIES
5/25/2023,1387.76,24009,288.9,ASSUMPTION_PLACEHOLDER_SERIES
5/26/2023,1409.38,24020,171.3,ASSUMPTION_PLACEHOLDER_SERIES
5/29/2023,1422.31,24065,304.6,ASSUMPTION_PLACEHOLDER_SERIES
5/30/2023,1400.99,24127,-205,ASSUMPTION_PLACEHOLDER_SERIES
5/31/2023,1391.05,24119,-307,ASSUMPTION_PLACEHOLDER_SERIES
6/1/2023,1366.43,24101,-371.1,ASSUMPTION_PLACEHOLDER_SERIES
6/2/2023,1332.73,24115,-42.3,ASSUMPTION_PLACEHOLDER_SERIES
6/5/2023,1316.79,24060,66.7,ASSUMPTION_PLACEHOLDER_SERIES
6/6/2023,1318.32,23998,109,ASSUMPTION_PLACEHOLDER_SERIES
6/7/2023,1295.75,24034,640.6,ASSUMPTION_PLACEHOLDER_SERIES
6/8/2023,1309.49,24010,385.5,ASSUMPTION_PLACEHOLDER_SERIES
6/9/2023,1333.14,24046,-313.8,ASSUMPTION_PLACEHOLDER_SERIES
6/12/2023,1325.22,24108,-93.4,ASSUMPTION_PLACEHOLDER_SERIES
6/13/2023,1323.7,24093,-37.7,ASSUMPTION_PLACEHOLDER_SERIES
6/14/2023,1338.94,24030,-895.8,ASSUMPTION_PLACEHOLDER_SERIES
6/15/2023,1372.24,24057,133.8,ASSUMPTION_PLACEHOLDER_SERIES
6/16/2023,1382.95,24122,-391.5,ASSUMPTION_PLACEHOLDER_SERIES
6/19/2023,1350.37,24153,-117.4,ASSUMPTION_PLACEHOLDER_SERIES
6/20/2023,1381.63,24126,67.4,ASSUMPTION_PLACEHOLDER_SERIES
6/21/2023,1377.93,24190,811.8,ASSUMPTION_PLACEHOLDER_SERIES
6/22/2023,1383.03,24266,-429.3,ASSUMPTION_PLACEHOLDER_SERIES
6/23/2023,1378.83,24229,-669.6,ASSUMPTION_PLACEHOLDER_SERIES
6/26/2023,1373.35,24276,1150.6,ASSUMPTION_PLACEHOLDER_SERIES
6/27/2023,1367.78,24229,270.7,ASSUMPTION_PLACEHOLDER_SERIES
6/28/2023,1351.16,24234,736,ASSUMPTION_PLACEHOLDER_SERIES
6/29/2023,1337.77,24099,351.9,ASSUMPTION_PLACEHOLDER_SERIES
6/30/2023,1341.6,24107,-196.6,ASSUMPTION_PLACEHOLDER_SERIES
7/3/2023,1363.82,24166,-449.1,ASSUMPTION_PLACEHOLDER_SERIES
7/4/2023,1379.14,24181,-789.5,ASSUMPTION_PLACEHOLDER_SERIES
7/5/2023,1396.36,24147,-469.1,ASSUMPTION_PLACEHOLDER_SERIES
7/6/2023,1387.44,24122,-455.7,ASSUMPTION_PLACEHOLDER_SERIES
7/7/2023,1390.86,24112,839.6,ASSUMPTION_PLACEHOLDER_SERIES
7/10/2023,1376.65,24122,222.2,ASSUMPTION_PLACEHOLDER_SERIES
7/11/2023,1396.15,24126,-445.1,ASSUMPTION_PLACEHOLDER_SERIES
7/12/2023,1439.9,24134,151.9,ASSUMPTION_PLACEHOLDER_SERIES
7/13/2023,1432.02,24081,-133.4,ASSUMPTION_PLACEHOLDER_SERIES
7/14/2023,1425.86,24048,-778.1,ASSUMPTION_PLACEHOLDER_SERIES
7/17/2023,1446.45,24046,245.9,ASSUMPTION_PLACEHOLDER_SERIES
7/18/2023,1455.6,24058,555.4,ASSUMPTION_PLACEHOLDER_SERIES
7/19/2023,1498.05,24032,-237,ASSUMPTION_PLACEHOLDER_SERIES
7/20/2023,1474.5,24009,-666.5,ASSUMPTION_PLACEHOLDER_SERIES
7/21/2023,1481.29,23962,75.6,ASSUMPTION_PLACEHOLDER_SERIES
7/24/2023,1471.41,23905,849.6,ASSUMPTION_PLACEHOLDER_SERIES
7/25/2023,1474.67,23906,302.5,ASSUMPTION_PLACEHOLDER_SERIES
7/26/2023,1464.93,23872,-1149.2,ASSUMPTION_PLACEHOLDER_SERIES
7/27/2023,1475.02,23855,-985.6,ASSUMPTION_PLACEHOLDER_SERIES
7/28/2023,1455.54,23882,-209.5,ASSUMPTION_PLACEHOLDER_SERIES
7/31/2023,1433.62,23856,463.1,ASSUMPTION_PLACEHOLDER_SERIES
8/1/2023,1421.51,23829,-467.3,ASSUMPTION_PLACEHOLDER_SERIES
8/2/2023,1432.51,23804,143.4,ASSUMPTION_PLACEHOLDER_SERIES
8/3/2023,1418.52,23818,59.7,ASSUMPTION_PLACEHOLDER_SERIES
8/4/2023,1420.76,23811,-712.6,ASSUMPTION_PLACEHOLDER_SERIES
8/7/2023,1421.76,23762,613.5,ASSUMPTION_PLACEHOLDER_SERIES
8/8/2023,1437.93,23814,-218.8,ASSUMPTION_PLACEHOLDER_SERIES
8/9/2023,1410.09,23745,-21.3,ASSUMPTION_PLACEHOLDER_SERIES
8/10/2023,1399.41,23718,-782.4,ASSUMPTION_PLACEHOLDER_SERIES
8/11/2023,1394.47,23719,-657,ASSUMPTION_PLACEHOLDER_SERIES
8/14/2023,1409.2,23756,-78.7,ASSUMPTION_PLACEHOLDER_SERIES
8/15/2023,1398.36,23745,-930,ASSUMPTION_PLACEHOLDER_SERIES
8/16/2023,1392,23772,505.7,ASSUMPTION_PLACEHOLDER_SERIES
8/17/2023,1371.02,23843,-280.9,ASSUMPTION_PLACEHOLDER_SERIES
8/18/2023,1386.72,23843,637.9,ASSUMPTION_PLACEHOLDER_SERIES
8/21/2023,1382.79,23794,479.4,ASSUMPTION_PLACEHOLDER_SERIES
8/22/2023,1387.95,23766,293.4,ASSUMPTION_PLACEHOLDER_SERIES
8/23/2023,1400.76,23708,855.7,ASSUMPTION_PLACEHOLDER_SERIES
8/24/2023,1402.46,23697,404,ASSUMPTION_PLACEHOLDER_SERIES
8/25/2023,1389.99,23672,318.5,ASSUMPTION_PLACEHOLDER_SERIES
8/28/2023,1391.77,23606,-738.4,ASSUMPTION_PLACEHOLDER_SERIES
8/29/2023,1393.5,23652,701.8,ASSUMPTION_PLACEHOLDER_SERIES
8/30/2023,1375.33,23613,5.3,ASSUMPTION_PLACEHOLDER_SERIES
8/31/2023,1395.45,23603,13.2,ASSUMPTION_PLACEHOLDER_SERIES
9/1/2023,1431.56,23577,-544.4,ASSUMPTION_PLACEHOLDER_SERIES
9/4/2023,1419.69,23542,439.8,ASSUMPTION_PLACEHOLDER_SERIES
9/5/2023,1431.61,23522,281.6,ASSUMPTION_PLACEHOLDER_SERIES
9/6/2023,1418.82,23527,246.3,ASSUMPTION_PLACEHOLDER_SERIES
9/7/2023,1401.79,23589,11.9,ASSUMPTION_PLACEHOLDER_SERIES
9/8/2023,1431.69,23567,-155.6,ASSUMPTION_PLACEHOLDER_SERIES
9/11/2023,1432.54,23591,449.1,ASSUMPTION_PLACEHOLDER_SERIES
9/12/2023,1429.36,23555,-483.9,ASSUMPTION_PLACEHOLDER_SERIES
9/13/2023,1412.15,23565,8.4,ASSUMPTION_PLACEHOLDER_SERIES
9/14/2023,1411.48,23576,-1101.4,ASSUMPTION_PLACEHOLDER_SERIES
9/15/2023,1427.04,23496,-90.4,ASSUMPTION_PLACEHOLDER_SERIES
9/18/2023,1406.56,23506,258.7,ASSUMPTION_PLACEHOLDER_SERIES
9/19/2023,1404.28,23543,-296,ASSUMPTION_PLACEHOLDER_SERIES
9/20/2023,1423.91,23480,798.2,ASSUMPTION_PLACEHOLDER_SERIES
9/21/2023,1439.17,23482,878.9,ASSUMPTION_PLACEHOLDER_SERIES
9/22/2023,1434.79,23468,61.2,ASSUMPTION_PLACEHOLDER_SERIES
9/25/2023,1439.28,23499,46.9,ASSUMPTION_PLACEHOLDER_SERIES
9/26/2023,1443.08,23508,70.8,ASSUMPTION_PLACEHOLDER_SERIES
9/27/2023,1462.46,23541,-677.4,ASSUMPTION_PLACEHOLDER_SERIES
9/28/2023,1482.9,23566,730.8,ASSUMPTION_PLACEHOLDER_SERIES
9/29/2023,1497.1,23605,-45.3,ASSUMPTION_PLACEHOLDER_SERIES
10/2/2023,1495.08,23644,-397.4,ASSUMPTION_PLACEHOLDER_SERIES
10/3/2023,1509.86,23689,-433.2,ASSUMPTION_PLACEHOLDER_SERIES
10/4/2023,1557.84,23685,-310.3,ASSUMPTION_PLACEHOLDER_SERIES
10/5/2023,1549.46,23632,-207.7,ASSUMPTION_PLACEHOLDER_SERIES
10/6/2023,1565.47,23608,379.7,ASSUMPTION_PLACEHOLDER_SERIES
10/9/2023,1576.02,23633,420.3,ASSUMPTION_PLACEHOLDER_SERIES
10/10/2023,1613.27,23589,-1407.4,ASSUMPTION_PLACEHOLDER_SERIES
10/11/2023,1611.8,23588,-591.3,ASSUMPTION_PLACEHOLDER_SERIES
10/12/2023,1591.59,23536,-787.1,ASSUMPTION_PLACEHOLDER_SERIES
10/13/2023,1601.19,23499,-1291.9,ASSUMPTION_PLACEHOLDER_SERIES
10/16/2023,1593.37,23458,159.7,ASSUMPTION_PLACEHOLDER_SERIES
10/17/2023,1616.8,23479,-1149.5,ASSUMPTION_PLACEHOLDER_SERIES
10/18/2023,1619.93,23474,-628.2,ASSUMPTION_PLACEHOLDER_SERIES
10/19/2023,1620.82,23480,-844.2,ASSUMPTION_PLACEHOLDER_SERIES
10/20/2023,1593.36,23475,418.6,ASSUMPTION_PLACEHOLDER_SERIES
10/23/2023,1590.28,23503,466.1,ASSUMPTION_PLACEHOLDER_SERIES
10/24/2023,1568.18,23518,-260.9,ASSUMPTION_PLACEHOLDER_SERIES
10/25/2023,1573.01,23483,806.2,ASSUMPTION_PLACEHOLDER_SERIES
10/26/2023,1569.02,23514,337.8,ASSUMPTION_PLACEHOLDER_SERIES
10/27/2023,1570.88,23484,-623.7,ASSUMPTION_PLACEHOLDER_SERIES
10/30/2023,1549.21,23485,529.3,ASSUMPTION_PLACEHOLDER_SERIES
10/31/2023,1575.16,23521,-231.1,ASSUMPTION_PLACEHOLDER_SERIES
11/1/2023,1572.9,23479,142.9,ASSUMPTION_PLACEHOLDER_SERIES
11/2/2023,1565.84,23458,617.4,ASSUMPTION_PLACEHOLDER_SERIES
11/3/2023,1568.05,23476,-17,ASSUMPTION_PLACEHOLDER_SERIES
11/6/2023,1590.58,23531,-187.7,ASSUMPTION_PLACEHOLDER_SERIES
11/7/2023,1602.12,23443,-391.1,ASSUMPTION_PLACEHOLDER_SERIES
11/8/2023,1580.96,23389,397.2,ASSUMPTION_PLACEHOLDER_SERIES
11/9/2023,1566.91,23360,207.4,ASSUMPTION_PLACEHOLDER_SERIES
11/10/2023,1583.06,23321,93.8,ASSUMPTION_PLACEHOLDER_SERIES
11/13/2023,1582.23,23400,-62.4,ASSUMPTION_PLACEHOLDER_SERIES
11/14/2023,1587.09,23417,-623.2,ASSUMPTION_PLACEHOLDER_SERIES
11/15/2023,1608.95,23419,214.8,ASSUMPTION_PLACEHOLDER_SERIES
11/16/2023,1612.99,23464,824,ASSUMPTION_PLACEHOLDER_SERIES
11/17/2023,1637.05,23485,-225,ASSUMPTION_PLACEHOLDER_SERIES
11/20/2023,1618.65,23499,-138.1,ASSUMPTION_PLACEHOLDER_SERIES
11/21/2023,1586.45,23524,-382.8,ASSUMPTION_PLACEHOLDER_SERIES
11/22/2023,1562.9,23547,-388.9,ASSUMPTION_PLACEHOLDER_SERIES
11/23/2023,1586.98,23547,318.8,ASSUMPTION_PLACEHOLDER_SERIES
11/24/2023,1580.03,23594,-418.7,ASSUMPTION_PLACEHOLDER_SERIES
11/27/2023,1575.01,23625,-657.7,ASSUMPTION_PLACEHOLDER_SERIES
11/28/2023,1582.96,23650,-186.9,ASSUMPTION_PLACEHOLDER_SERIES
11/29/2023,1601.97,23702,-233.8,ASSUMPTION_PLACEHOLDER_SERIES
11/30/2023,1597.67,23661,-136.5,ASSUMPTION_PLACEHOLDER_SERIES
12/1/2023,1626.79,23600,125.3,ASSUMPTION_PLACEHOLDER_SERIES
12/4/2023,1647.01,23689,-439.4,ASSUMPTION_PLACEHOLDER_SERIES
12/5/2023,1648.02,23685,-481.7,ASSUMPTION_PLACEHOLDER_SERIES
12/6/2023,1608.23,23689,-1243.3,ASSUMPTION_PLACEHOLDER_SERIES
12/7/2023,1617.48,23589,461.6,ASSUMPTION_PLACEHOLDER_SERIES
12/8/2023,1632,23572,3.1,ASSUMPTION_PLACEHOLDER_SERIES
12/11/2023,1622.64,23511,-576.7,ASSUMPTION_PLACEHOLDER_SERIES
12/12/2023,1634.89,23525,45.3,ASSUMPTION_PLACEHOLDER_SERIES
12/13/2023,1628.07,23537,102.3,ASSUMPTION_PLACEHOLDER_SERIES
12/14/2023,1630.86,23592,627.2,ASSUMPTION_PLACEHOLDER_SERIES
12/15/2023,1645.19,23633,12.9,ASSUMPTION_PLACEHOLDER_SERIES
12/18/2023,1655.71,23573,191.7,ASSUMPTION_PLACEHOLDER_SERIES
12/19/2023,1682.43,23524,-355.5,ASSUMPTION_PLACEHOLDER_SERIES
12/20/2023,1667.65,23508,21.6,ASSUMPTION_PLACEHOLDER_SERIES
12/21/2023,1609.93,23487,-773.6,ASSUMPTION_PLACEHOLDER_SERIES
12/22/2023,1599.45,23514,310,ASSUMPTION_PLACEHOLDER_SERIES
12/25/2023,1616.05,23528,245.8,ASSUMPTION_PLACEHOLDER_SERIES
12/26/2023,1595.94,23492,-735.9,ASSUMPTION_PLACEHOLDER_SERIES
12/27/2023,1612.47,23515,466.5,ASSUMPTION_PLACEHOLDER_SERIES
12/28/2023,1563.33,23463,129.8,ASSUMPTION_PLACEHOLDER_SERIES
12/29/2023,1602.84,23491,-240.1,ASSUMPTION_PLACEHOLDER_SERIES
1/1/2024,1616.22,23523,-1155.8,ASSUMPTION_PLACEHOLDER_SERIES
1/2/2024,1657.87,23481,-602.9,ASSUMPTION_PLACEHOLDER_SERIES
1/3/2024,1670.12,23437,1.3,ASSUMPTION_PLACEHOLDER_SERIES
1/4/2024,1673.39,23483,-301.1,ASSUMPTION_PLACEHOLDER_SERIES
1/5/2024,1674.44,23471,-694.2,ASSUMPTION_PLACEHOLDER_SERIES
1/8/2024,1652.33,23465,99.6,ASSUMPTION_PLACEHOLDER_SERIES
1/9/2024,1638.03,23452,-344.2,ASSUMPTION_PLACEHOLDER_SERIES
1/10/2024,1621.65,23425,-79.7,ASSUMPTION_PLACEHOLDER_SERIES
1/11/2024,1637.38,23457,-212.3,ASSUMPTION_PLACEHOLDER_SERIES
1/12/2024,1674.74,23461,349.3,ASSUMPTION_PLACEHOLDER_SERIES
1/15/2024,1663.23,23481,-228.3,ASSUMPTION_PLACEHOLDER_SERIES
1/16/2024,1657,23473,31.5,ASSUMPTION_PLACEHOLDER_SERIES
1/17/2024,1648.03,23456,37.7,ASSUMPTION_PLACEHOLDER_SERIES
1/18/2024,1634.5,23442,67.2,ASSUMPTION_PLACEHOLDER_SERIES
1/19/2024,1625.36,23492,313.8,ASSUMPTION_PLACEHOLDER_SERIES
1/22/2024,1620.13,23478,454.4,ASSUMPTION_PLACEHOLDER_SERIES
1/23/2024,1653.06,23483,-425.7,ASSUMPTION_PLACEHOLDER_SERIES
1/24/2024,1646.03,23468,298.6,ASSUMPTION_PLACEHOLDER_SERIES
1/25/2024,1676.67,23456,-510.1,ASSUMPTION_PLACEHOLDER_SERIES
1/26/2024,1681.57,23519,-510.1,ASSUMPTION_PLACEHOLDER_SERIES
1/29/2024,1666.87,23491,-1329.8,ASSUMPTION_PLACEHOLDER_SERIES
1/30/2024,1670.78,23519,-204.7,ASSUMPTION_PLACEHOLDER_SERIES
1/31/2024,1678.49,23524,269.6,ASSUMPTION_PLACEHOLDER_SERIES
2/1/2024,1685.63,23489,41.7,ASSUMPTION_PLACEHOLDER_SERIES
2/2/2024,1705.19,23456,502.9,ASSUMPTION_PLACEHOLDER_SERIES
2/5/2024,1728.1,23364,361.6,ASSUMPTION_PLACEHOLDER_SERIES
2/6/2024,1699.25,23375,620.9,ASSUMPTION_PLACEHOLDER_SERIES
2/7/2024,1667.36,23400,-78,ASSUMPTION_PLACEHOLDER_SERIES
2/8/2024,1671.83,23387,-27.8,ASSUMPTION_PLACEHOLDER_SERIES
2/9/2024,1708.85,23453,-291.5,ASSUMPTION_PLACEHOLDER_SERIES
2/12/2024,1714.63,23480,-415.7,ASSUMPTION_PLACEHOLDER_SERIES
2/13/2024,1697.77,23439,431.3,ASSUMPTION_PLACEHOLDER_SERIES
2/14/2024,1702.67,23417,145.7,ASSUMPTION_PLACEHOLDER_SERIES
2/15/2024,1665.81,23425,1212.5,ASSUMPTION_PLACEHOLDER_SERIES
2/16/2024,1679.84,23342,156.3,ASSUMPTION_PLACEHOLDER_SERIES
2/19/2024,1670.13,23379,-147.1,ASSUMPTION_PLACEHOLDER_SERIES
2/20/2024,1650.11,23364,-274,ASSUMPTION_PLACEHOLDER_SERIES
2/21/2024,1645.9,23418,-614.2,ASSUMPTION_PLACEHOLDER_SERIES
2/22/2024,1656.48,23419,441,ASSUMPTION_PLACEHOLDER_SERIES
2/23/2024,1632.23,23429,811.2,ASSUMPTION_PLACEHOLDER_SERIES
2/26/2024,1625.77,23462,-550.8,ASSUMPTION_PLACEHOLDER_SERIES
2/27/2024,1611.85,23476,17.7,ASSUMPTION_PLACEHOLDER_SERIES
2/28/2024,1623.18,23490,404.8,ASSUMPTION_PLACEHOLDER_SERIES
2/29/2024,1637.02,23537,-530.5,ASSUMPTION_PLACEHOLDER_SERIES
3/1/2024,1611.47,23570,-81.4,ASSUMPTION_PLACEHOLDER_SERIES
3/4/2024,1613.19,23592,-399.8,ASSUMPTION_PLACEHOLDER_SERIES
3/5/2024,1612.96,23640,158.3,ASSUMPTION_PLACEHOLDER_SERIES
3/6/2024,1607.53,23654,481.2,ASSUMPTION_PLACEHOLDER_SERIES
3/7/2024,1603.57,23721,-515.3,ASSUMPTION_PLACEHOLDER_SERIES
3/8/2024,1614.33,23708,183.3,ASSUMPTION_PLACEHOLDER_SERIES
3/11/2024,1639.43,23691,90.5,ASSUMPTION_PLACEHOLDER_SERIES
3/12/2024,1627.61,23681,-17.6,ASSUMPTION_PLACEHOLDER_SERIES
3/13/2024,1613.09,23677,129.8,ASSUMPTION_PLACEHOLDER_SERIES
3/14/2024,1621.15,23695,-1012.7,ASSUMPTION_PLACEHOLDER_SERIES
3/15/2024,1615.25,23711,107.5,ASSUMPTION_PLACEHOLDER_SERIES
3/18/2024,1605.27,23710,-814.7,ASSUMPTION_PLACEHOLDER_SERIES
3/19/2024,1615.11,23739,51.1,ASSUMPTION_PLACEHOLDER_SERIES
3/20/2024,1617.62,23726,-162.8,ASSUMPTION_PLACEHOLDER_SERIES
3/21/2024,1642.04,23704,412.7,ASSUMPTION_PLACEHOLDER_SERIES
3/22/2024,1646.04,23754,-139.2,ASSUMPTION_PLACEHOLDER_SERIES
3/25/2024,1641.76,23773,-178.9,ASSUMPTION_PLACEHOLDER_SERIES
3/26/2024,1679.8,23805,-380.4,ASSUMPTION_PLACEHOLDER_SERIES
3/27/2024,1655.27,23775,-23.9,ASSUMPTION_PLACEHOLDER_SERIES
3/28/2024,1660.98,23826,-825,ASSUMPTION_PLACEHOLDER_SERIES
3/29/2024,1666.85,23842,-743.7,ASSUMPTION_PLACEHOLDER_SERIES
4/1/2024,1677.74,23813,-311.5,ASSUMPTION_PLACEHOLDER_SERIES
4/2/2024,1674.71,23869,847.2,ASSUMPTION_PLACEHOLDER_SERIES
4/3/2024,1679.5,23853,556.7,ASSUMPTION_PLACEHOLDER_SERIES
4/4/2024,1676.97,23839,273.4,ASSUMPTION_PLACEHOLDER_SERIES
4/5/2024,1669.11,23903,-1120.3,ASSUMPTION_PLACEHOLDER_SERIES
4/8/2024,1680.89,23849,381.3,ASSUMPTION_PLACEHOLDER_SERIES
4/9/2024,1679.29,23819,396.6,ASSUMPTION_PLACEHOLDER_SERIES
4/10/2024,1681.99,23778,-156.3,ASSUMPTION_PLACEHOLDER_SERIES
4/11/2024,1671.16,23788,121.8,ASSUMPTION_PLACEHOLDER_SERIES
4/12/2024,1661.9,23844,-927.5,ASSUMPTION_PLACEHOLDER_SERIES
4/15/2024,1639.16,23803,640.2,ASSUMPTION_PLACEHOLDER_SERIES
4/16/2024,1613.86,23831,-51,ASSUMPTION_PLACEHOLDER_SERIES
4/17/2024,1626.78,23808,-697.7,ASSUMPTION_PLACEHOLDER_SERIES
4/18/2024,1638.73,23798,-210.2,ASSUMPTION_PLACEHOLDER_SERIES
4/19/2024,1663.04,23806,170.9,ASSUMPTION_PLACEHOLDER_SERIES
4/22/2024,1666.51,23927,-288.4,ASSUMPTION_PLACEHOLDER_SERIES
4/23/2024,1658.36,23910,-412.6,ASSUMPTION_PLACEHOLDER_SERIES
4/24/2024,1660.87,23944,-802.9,ASSUMPTION_PLACEHOLDER_SERIES
4/25/2024,1643.66,23912,122.7,ASSUMPTION_PLACEHOLDER_SERIES
4/26/2024,1628.93,23922,749.3,ASSUMPTION_PLACEHOLDER_SERIES
4/29/2024,1611.47,23955,711.6,ASSUMPTION_PLACEHOLDER_SERIES
4/30/2024,1584.83,23976,244.9,ASSUMPTION_PLACEHOLDER_SERIES
5/1/2024,1547.89,23941,622.9,ASSUMPTION_PLACEHOLDER_SERIES
5/2/2024,1537.74,23862,720.9,ASSUMPTION_PLACEHOLDER_SERIES
5/3/2024,1547.5,23873,-324.4,ASSUMPTION_PLACEHOLDER_SERIES
5/6/2024,1537.78,23845,229.8,ASSUMPTION_PLACEHOLDER_SERIES
5/7/2024,1519.28,23803,340.8,ASSUMPTION_PLACEHOLDER_SERIES
5/8/2024,1502.06,23795,-496.8,ASSUMPTION_PLACEHOLDER_SERIES
5/9/2024,1543.98,23800,-42.2,ASSUMPTION_PLACEHOLDER_SERIES
5/10/2024,1539.49,23829,-186.7,ASSUMPTION_PLACEHOLDER_SERIES
5/13/2024,1561.12,23811,357.6,ASSUMPTION_PLACEHOLDER_SERIES
5/14/2024,1529.9,23823,-662.8,ASSUMPTION_PLACEHOLDER_SERIES
5/15/2024,1551.33,23842,277.6,ASSUMPTION_PLACEHOLDER_SERIES
5/16/2024,1537.15,23840,-162.8,ASSUMPTION_PLACEHOLDER_SERIES
5/17/2024,1522.43,23782,211.6,ASSUMPTION_PLACEHOLDER_SERIES
5/20/2024,1530.15,23825,739.6,ASSUMPTION_PLACEHOLDER_SERIES
5/21/2024,1561.63,23804,123.2,ASSUMPTION_PLACEHOLDER_SERIES
5/22/2024,1551.38,23770,324.2,ASSUMPTION_PLACEHOLDER_SERIES
5/23/2024,1538.01,23805,-284.8,ASSUMPTION_PLACEHOLDER_SERIES
5/24/2024,1538.53,23807,-179.4,ASSUMPTION_PLACEHOLDER_SERIES
5/27/2024,1566,23792,-299.8,ASSUMPTION_PLACEHOLDER_SERIES
5/28/2024,1580.06,23814,994.1,ASSUMPTION_PLACEHOLDER_SERIES
5/29/2024,1572.07,23824,-252.7,ASSUMPTION_PLACEHOLDER_SERIES
5/30/2024,1596.23,23846,-128.9,ASSUMPTION_PLACEHOLDER_SERIES
5/31/2024,1575.09,23836,275.9,ASSUMPTION_PLACEHOLDER_SERIES
6/3/2024,1586.21,23822,265.3,ASSUMPTION_PLACEHOLDER_SERIES
6/4/2024,1571.32,23876,-133.8,ASSUMPTION_PLACEHOLDER_SERIES
6/5/2024,1567.82,23840,909.5,ASSUMPTION_PLACEHOLDER_SERIES
6/6/2024,1546.5,23827,31.4,ASSUMPTION_PLACEHOLDER_SERIES
6/7/2024,1548.54,23807,498.2,ASSUMPTION_PLACEHOLDER_SERIES
6/10/2024,1530.46,23822,187.2,ASSUMPTION_PLACEHOLDER_SERIES
6/11/2024,1525.6,23908,353.2,ASSUMPTION_PLACEHOLDER_SERIES
6/12/2024,1549.29,23927,-301.5,ASSUMPTION_PLACEHOLDER_SERIES
6/13/2024,1530.99,23913,276.6,ASSUMPTION_PLACEHOLDER_SERIES
6/14/2024,1531.2,23907,71.6,ASSUMPTION_PLACEHOLDER_SERIES
6/17/2024,1563.56,23866,-406.6,ASSUMPTION_PLACEHOLDER_SERIES
6/18/2024,1539.73,23889,-352.4,ASSUMPTION_PLACEHOLDER_SERIES
6/19/2024,1522.42,23905,257.4,ASSUMPTION_PLACEHOLDER_SERIES
6/20/2024,1550.55,23886,-185.3,ASSUMPTION_PLACEHOLDER_SERIES
6/21/2024,1570.26,23900,-867.8,ASSUMPTION_PLACEHOLDER_SERIES
6/24/2024,1545.05,23895,174.6,ASSUMPTION_PLACEHOLDER_SERIES
6/25/2024,1546.86,23845,-163.1,ASSUMPTION_PLACEHOLDER_SERIES
6/26/2024,1531.38,23790,752.1,ASSUMPTION_PLACEHOLDER_SERIES
6/27/2024,1514.97,23813,923.5,ASSUMPTION_PLACEHOLDER_SERIES
6/28/2024,1492.56,23817,1022,ASSUMPTION_PLACEHOLDER_SERIES
7/1/2024,1472.47,23819,1140.3,ASSUMPTION_PLACEHOLDER_SERIES
7/2/2024,1462.68,23820,251.4,ASSUMPTION_PLACEHOLDER_SERIES
7/3/2024,1461.39,23912,-712.2,ASSUMPTION_PLACEHOLDER_SERIES
7/4/2024,1471.81,23870,-673.5,ASSUMPTION_PLACEHOLDER_SERIES
7/5/2024,1479.89,23859,673.9,ASSUMPTION_PLACEHOLDER_SERIES
7/8/2024,1456.94,23913,675,ASSUMPTION_PLACEHOLDER_SERIES
7/9/2024,1448.31,23901,-239.7,ASSUMPTION_PLACEHOLDER_SERIES
7/10/2024,1449.83,23914,550.9,ASSUMPTION_PLACEHOLDER_SERIES
7/11/2024,1448.57,23905,2.7,ASSUMPTION_PLACEHOLDER_SERIES
7/12/2024,1471.05,23966,45.2,ASSUMPTION_PLACEHOLDER_SERIES
7/15/2024,1476.84,23990,-133.5,ASSUMPTION_PLACEHOLDER_SERIES
7/16/2024,1498.24,23982,671.5,ASSUMPTION_PLACEHOLDER_SERIES
7/17/2024,1481.65,23935,660.6,ASSUMPTION_PLACEHOLDER_SERIES
7/18/2024,1468.02,23954,-61.2,ASSUMPTION_PLACEHOLDER_SERIES
7/19/2024,1465.46,23942,-125.8,ASSUMPTION_PLACEHOLDER_SERIES
7/22/2024,1464.85,23950,-465.2,ASSUMPTION_PLACEHOLDER_SERIES
7/23/2024,1454.76,23967,-78.8,ASSUMPTION_PLACEHOLDER_SERIES
7/24/2024,1456.38,23924,-300.8,ASSUMPTION_PLACEHOLDER_SERIES
7/25/2024,1475.32,23909,266.6,ASSUMPTION_PLACEHOLDER_SERIES
7/26/2024,1460.85,23912,-683.9,ASSUMPTION_PLACEHOLDER_SERIES
7/29/2024,1435.69,23900,-301.4,ASSUMPTION_PLACEHOLDER_SERIES
7/30/2024,1434.19,23868,-532.3,ASSUMPTION_PLACEHOLDER_SERIES
7/31/2024,1420.6,23923,-716,ASSUMPTION_PLACEHOLDER_SERIES
8/1/2024,1397.19,23946,-501.4,ASSUMPTION_PLACEHOLDER_SERIES
8/2/2024,1393.38,23963,-239.1,ASSUMPTION_PLACEHOLDER_SERIES
8/5/2024,1370.16,24020,-183.1,ASSUMPTION_PLACEHOLDER_SERIES
8/6/2024,1394.17,24030,562.6,ASSUMPTION_PLACEHOLDER_SERIES
8/7/2024,1382.19,24050,-103.9,ASSUMPTION_PLACEHOLDER_SERIES
8/8/2024,1378.41,24051,-558.2,ASSUMPTION_PLACEHOLDER_SERIES
8/9/2024,1372.53,24079,-702.9,ASSUMPTION_PLACEHOLDER_SERIES
8/12/2024,1349.95,24131,392.9,ASSUMPTION_PLACEHOLDER_SERIES
8/13/2024,1345.01,24143,-25.2,ASSUMPTION_PLACEHOLDER_SERIES
8/14/2024,1343.04,24154,-602.2,ASSUMPTION_PLACEHOLDER_SERIES
8/15/2024,1350.61,24096,-24.8,ASSUMPTION_PLACEHOLDER_SERIES
8/16/2024,1354.28,24070,115.5,ASSUMPTION_PLACEHOLDER_SERIES
8/19/2024,1345.77,24111,225.8,ASSUMPTION_PLACEHOLDER_SERIES
8/20/2024,1356.21,24137,907.6,ASSUMPTION_PLACEHOLDER_SERIES
8/21/2024,1362.91,24142,-299.6,ASSUMPTION_PLACEHOLDER_SERIES
8/22/2024,1349.08,24147,93.8,ASSUMPTION_PLACEHOLDER_SERIES
8/23/2024,1356.47,24167,-210.6,ASSUMPTION_PLACEHOLDER_SERIES
8/26/2024,1352.38,24154,-57.7,ASSUMPTION_PLACEHOLDER_SERIES
8/27/2024,1349.64,24168,-493.3,ASSUMPTION_PLACEHOLDER_SERIES
8/28/2024,1352.85,24185,414.8,ASSUMPTION_PLACEHOLDER_SERIES
8/29/2024,1347.95,24229,-326.5,ASSUMPTION_PLACEHOLDER_SERIES
8/30/2024,1361.1,24210,34.1,ASSUMPTION_PLACEHOLDER_SERIES
9/2/2024,1349.12,24226,1366,ASSUMPTION_PLACEHOLDER_SERIES
9/3/2024,1370.8,24171,32.7,ASSUMPTION_PLACEHOLDER_SERIES
9/4/2024,1385.79,24170,446.9,ASSUMPTION_PLACEHOLDER_SERIES
9/5/2024,1381,24135,-222.8,ASSUMPTION_PLACEHOLDER_SERIES
9/6/2024,1392.88,24174,-706.4,ASSUMPTION_PLACEHOLDER_SERIES
9/9/2024,1375.28,24173,566.4,ASSUMPTION_PLACEHOLDER_SERIES
9/10/2024,1386.58,24164,580.3,ASSUMPTION_PLACEHOLDER_SERIES
9/11/2024,1370.43,24135,159.5,ASSUMPTION_PLACEHOLDER_SERIES
9/12/2024,1397.88,24110,276.5,ASSUMPTION_PLACEHOLDER_SERIES
9/13/2024,1403.86,24115,-37.1,ASSUMPTION_PLACEHOLDER_SERIES
9/16/2024,1405.29,24045,52.7,ASSUMPTION_PLACEHOLDER_SERIES
9/17/2024,1411.77,24017,303.8,ASSUMPTION_PLACEHOLDER_SERIES
9/18/2024,1428.55,24026,382.6,ASSUMPTION_PLACEHOLDER_SERIES
9/19/2024,1412.97,24007,-492.5,ASSUMPTION_PLACEHOLDER_SERIES
9/20/2024,1421.64,24073,352.5,ASSUMPTION_PLACEHOLDER_SERIES
9/23/2024,1425,24120,-316.3,ASSUMPTION_PLACEHOLDER_SERIES
9/24/2024,1463.35,24084,605.1,ASSUMPTION_PLACEHOLDER_SERIES
9/25/2024,1457.41,24095,8.6,ASSUMPTION_PLACEHOLDER_SERIES
9/26/2024,1468.61,24061,738.2,ASSUMPTION_PLACEHOLDER_SERIES
9/27/2024,1470.46,24123,663.2,ASSUMPTION_PLACEHOLDER_SERIES
9/30/2024,1483.95,24161,94.5,ASSUMPTION_PLACEHOLDER_SERIES
10/1/2024,1512.98,24079,-291.3,ASSUMPTION_PLACEHOLDER_SERIES
10/2/2024,1542.54,24071,626.8,ASSUMPTION_PLACEHOLDER_SERIES
10/3/2024,1515.76,24040,65.9,ASSUMPTION_PLACEHOLDER_SERIES
10/4/2024,1544.21,24007,-162.4,ASSUMPTION_PLACEHOLDER_SERIES
10/7/2024,1551.39,23949,970.6,ASSUMPTION_PLACEHOLDER_SERIES
10/8/2024,1531.87,23983,208.8,ASSUMPTION_PLACEHOLDER_SERIES
10/9/2024,1513.31,24041,-4.7,ASSUMPTION_PLACEHOLDER_SERIES
10/10/2024,1480.78,24043,66.7,ASSUMPTION_PLACEHOLDER_SERIES
10/11/2024,1462.24,24077,1399.7,ASSUMPTION_PLACEHOLDER_SERIES
10/14/2024,1459.56,24129,-560.6,ASSUMPTION_PLACEHOLDER_SERIES
10/15/2024,1445.93,24100,-266.8,ASSUMPTION_PLACEHOLDER_SERIES
10/16/2024,1451.39,24054,-390.6,ASSUMPTION_PLACEHOLDER_SERIES
10/17/2024,1443.6,24059,329.9,ASSUMPTION_PLACEHOLDER_SERIES
10/18/2024,1432.3,24050,-70.2,ASSUMPTION_PLACEHOLDER_SERIES
10/21/2024,1412.51,24060,150.3,ASSUMPTION_PLACEHOLDER_SERIES
10/22/2024,1431.78,24084,-107.3,ASSUMPTION_PLACEHOLDER_SERIES
10/23/2024,1456,24017,249.1,ASSUMPTION_PLACEHOLDER_SERIES
10/24/2024,1458.25,24045,775.5,ASSUMPTION_PLACEHOLDER_SERIES
10/25/2024,1460.78,24045,745,ASSUMPTION_PLACEHOLDER_SERIES
10/28/2024,1442.95,24069,160.8,ASSUMPTION_PLACEHOLDER_SERIES
10/29/2024,1434.09,24145,445.7,ASSUMPTION_PLACEHOLDER_SERIES
10/30/2024,1434,24219,908.1,ASSUMPTION_PLACEHOLDER_SERIES
10/31/2024,1416.25,24183,18.8,ASSUMPTION_PLACEHOLDER_SERIES
11/1/2024,1416.22,24170,-344.9,ASSUMPTION_PLACEHOLDER_SERIES
11/4/2024,1429.24,24193,425,ASSUMPTION_PLACEHOLDER_SERIES
11/5/2024,1433.33,24167,-218.2,ASSUMPTION_PLACEHOLDER_SERIES
11/6/2024,1416.81,24179,311.3,ASSUMPTION_PLACEHOLDER_SERIES
11/7/2024,1410.02,24217,359.4,ASSUMPTION_PLACEHOLDER_SERIES
11/8/2024,1412.43,24181,736.1,ASSUMPTION_PLACEHOLDER_SERIES
11/11/2024,1390.08,24190,121.2,ASSUMPTION_PLACEHOLDER_SERIES
11/12/2024,1404.85,24185,345.9,ASSUMPTION_PLACEHOLDER_SERIES
11/13/2024,1427.97,24163,-646.2,ASSUMPTION_PLACEHOLDER_SERIES
11/14/2024,1421.98,24146,849.9,ASSUMPTION_PLACEHOLDER_SERIES
11/15/2024,1409.12,24133,184.5,ASSUMPTION_PLACEHOLDER_SERIES
11/18/2024,1408.69,24113,330.9,ASSUMPTION_PLACEHOLDER_SERIES
11/19/2024,1406.4,24119,-706.9,ASSUMPTION_PLACEHOLDER_SERIES
11/20/2024,1409.62,24087,-636,ASSUMPTION_PLACEHOLDER_SERIES
11/21/2024,1407.31,24035,-294.4,ASSUMPTION_PLACEHOLDER_SERIES
11/22/2024,1409.4,23977,860.8,ASSUMPTION_PLACEHOLDER_SERIES
11/25/2024,1409.6,24044,-360.6,ASSUMPTION_PLACEHOLDER_SERIES
11/26/2024,1409.26,24024,1043.7,ASSUMPTION_PLACEHOLDER_SERIES
11/27/2024,1383.84,24055,-780.1,ASSUMPTION_PLACEHOLDER_SERIES
11/28/2024,1364.95,24013,229.7,ASSUMPTION_PLACEHOLDER_SERIES
11/29/2024,1379.53,23945,437.5,ASSUMPTION_PLACEHOLDER_SERIES
12/2/2024,1358.15,23924,168.9,ASSUMPTION_PLACEHOLDER_SERIES
12/3/2024,1357.66,23912,-236.5,ASSUMPTION_PLACEHOLDER_SERIES
12/4/2024,1334.23,23942,52.5,ASSUMPTION_PLACEHOLDER_SERIES
12/5/2024,1343.64,23957,-128,ASSUMPTION_PLACEHOLDER_SERIES
12/6/2024,1328.9,23914,0.2,ASSUMPTION_PLACEHOLDER_SERIES
12/9/2024,1328.11,23942,-509.4,ASSUMPTION_PLACEHOLDER_SERIES
12/10/2024,1338.43,23939,-282.8,ASSUMPTION_PLACEHOLDER_SERIES
12/11/2024,1319.54,23955,-346.6,ASSUMPTION_PLACEHOLDER_SERIES
12/12/2024,1305.27,23957,-340.5,ASSUMPTION_PLACEHOLDER_SERIES
12/13/2024,1325.04,23940,369.8,ASSUMPTION_PLACEHOLDER_SERIES
12/16/2024,1316.49,23963,-226.5,ASSUMPTION_PLACEHOLDER_SERIES
12/17/2024,1324.86,23998,524.7,ASSUMPTION_PLACEHOLDER_SERIES
12/18/2024,1334.49,23994,447.2,ASSUMPTION_PLACEHOLDER_SERIES
12/19/2024,1338.37,24048,148.6,ASSUMPTION_PLACEHOLDER_SERIES
12/20/2024,1342.66,24098,-20.8,ASSUMPTION_PLACEHOLDER_SERIES
12/23/2024,1367.68,24114,433.1,ASSUMPTION_PLACEHOLDER_SERIES
12/24/2024,1377.43,24104,4,ASSUMPTION_PLACEHOLDER_SERIES
12/25/2024,1395.19,24006,-591.4,ASSUMPTION_PLACEHOLDER_SERIES
12/26/2024,1389.44,24001,110.4,ASSUMPTION_PLACEHOLDER_SERIES
12/27/2024,1397.06,24041,815.2,ASSUMPTION_PLACEHOLDER_SERIES
12/30/2024,1398.54,24047,242.1,ASSUMPTION_PLACEHOLDER_SERIES
12/31/2024,1409.82,24051,-449.8,ASSUMPTION_PLACEHOLDER_SERIES
1/1/2025,1405.41,24062,-528.2,ASSUMPTION_PLACEHOLDER_SERIES
1/2/2025,1407.76,24073,1186.2,ASSUMPTION_PLACEHOLDER_SERIES
1/3/2025,1407.22,24025,99.5,ASSUMPTION_PLACEHOLDER_SERIES
1/6/2025,1406.68,24080,573.1,ASSUMPTION_PLACEHOLDER_SERIES
1/7/2025,1403.06,24093,39.9,ASSUMPTION_PLACEHOLDER_SERIES
1/8/2025,1403.45,24114,-528.4,ASSUMPTION_PLACEHOLDER_SERIES
1/9/2025,1420.26,24091,388.3,ASSUMPTION_PLACEHOLDER_SERIES
1/10/2025,1425.21,24132,-849.5,ASSUMPTION_PLACEHOLDER_SERIES
1/13/2025,1425.48,24095,-118.6,ASSUMPTION_PLACEHOLDER_SERIES
1/14/2025,1423.32,24113,-671.9,ASSUMPTION_PLACEHOLDER_SERIES
1/15/2025,1425.32,24134,-381.7,ASSUMPTION_PLACEHOLDER_SERIES
1/16/2025,1422.94,24174,376.5,ASSUMPTION_PLACEHOLDER_SERIES
1/17/2025,1429.16,24235,167.2,ASSUMPTION_PLACEHOLDER_SERIES
1/20/2025,1426.14,24237,-18.4,ASSUMPTION_PLACEHOLDER_SERIES
1/21/2025,1415.3,24220,-238.7,ASSUMPTION_PLACEHOLDER_SERIES
1/22/2025,1412.31,24253,-729.2,ASSUMPTION_PLACEHOLDER_SERIES
1/23/2025,1407.39,24259,-240.8,ASSUMPTION_PLACEHOLDER_SERIES
1/24/2025,1440.79,24259,83,ASSUMPTION_PLACEHOLDER_SERIES
1/27/2025,1440.4,24273,-656.8,ASSUMPTION_PLACEHOLDER_SERIES
1/28/2025,1455.19,24303,-865.8,ASSUMPTION_PLACEHOLDER_SERIES
1/29/2025,1438.01,24280,423.7,ASSUMPTION_PLACEHOLDER_SERIES
1/30/2025,1443.87,24304,318.1,ASSUMPTION_PLACEHOLDER_SERIES
1/31/2025,1440.83,24336,-2.9,ASSUMPTION_PLACEHOLDER_SERIES
2/3/2025,1446.83,24317,1083.3,ASSUMPTION_PLACEHOLDER_SERIES
2/4/2025,1446.63,24356,-74.1,ASSUMPTION_PLACEHOLDER_SERIES
2/5/2025,1437.51,24289,-1190,ASSUMPTION_PLACEHOLDER_SERIES
2/6/2025,1449.84,24306,6.3,ASSUMPTION_PLACEHOLDER_SERIES
2/7/2025,1474.16,24354,-208.2,ASSUMPTION_PLACEHOLDER_SERIES
2/10/2025,1461.46,24318,738.3,ASSUMPTION_PLACEHOLDER_SERIES
2/11/2025,1489.06,24320,-525.9,ASSUMPTION_PLACEHOLDER_SERIES
2/12/2025,1512.93,24284,165.2,ASSUMPTION_PLACEHOLDER_SERIES
2/13/2025,1551.43,24254,-365.2,ASSUMPTION_PLACEHOLDER_SERIES
2/14/2025,1546.43,24248,111.3,ASSUMPTION_PLACEHOLDER_SERIES
2/17/2025,1556.02,24179,0.4,ASSUMPTION_PLACEHOLDER_SERIES
2/18/2025,1568.78,24116,410.8,ASSUMPTION_PLACEHOLDER_SERIES
2/19/2025,1580.98,24137,-556.3,ASSUMPTION_PLACEHOLDER_SERIES
2/20/2025,1589.22,24125,503.5,ASSUMPTION_PLACEHOLDER_SERIES
2/21/2025,1575.38,24216,422,ASSUMPTION_PLACEHOLDER_SERIES
2/24/2025,1593.9,24273,84.5,ASSUMPTION_PLACEHOLDER_SERIES
2/25/2025,1614.01,24306,354.6,ASSUMPTION_PLACEHOLDER_SERIES
2/26/2025,1605.77,24298,-28.8,ASSUMPTION_PLACEHOLDER_SERIES
2/27/2025,1625.16,24288,217.7,ASSUMPTION_PLACEHOLDER_SERIES
2/28/2025,1638.9,24292,-747.7,ASSUMPTION_PLACEHOLDER_SERIES
3/3/2025,1654.25,24293,596.1,ASSUMPTION_PLACEHOLDER_SERIES
3/4/2025,1602.36,24278,-492.5,ASSUMPTION_PLACEHOLDER_SERIES
3/5/2025,1604.29,24272,273.8,ASSUMPTION_PLACEHOLDER_SERIES
3/6/2025,1615.66,24273,-125.8,ASSUMPTION_PLACEHOLDER_SERIES
3/7/2025,1643.45,24360,-38.1,ASSUMPTION_PLACEHOLDER_SERIES
3/10/2025,1640.14,24393,363.4,ASSUMPTION_PLACEHOLDER_SERIES
3/11/2025,1639.49,24377,470.7,ASSUMPTION_PLACEHOLDER_SERIES
3/12/2025,1620.06,24409,-52.5,ASSUMPTION_PLACEHOLDER_SERIES
3/13/2025,1605.27,24393,-249.3,ASSUMPTION_PLACEHOLDER_SERIES
3/14/2025,1624.71,24373,72.4,ASSUMPTION_PLACEHOLDER_SERIES
3/17/2025,1637.74,24468,373.2,ASSUMPTION_PLACEHOLDER_SERIES
3/18/2025,1638.96,24419,189.3,ASSUMPTION_PLACEHOLDER_SERIES
3/19/2025,1623.74,24392,-131.4,ASSUMPTION_PLACEHOLDER_SERIES
3/20/2025,1598.88,24355,1044.5,ASSUMPTION_PLACEHOLDER_SERIES
3/21/2025,1604.41,24366,29.7,ASSUMPTION_PLACEHOLDER_SERIES
3/24/2025,1610.96,24422,289.3,ASSUMPTION_PLACEHOLDER_SERIES
3/25/2025,1607.18,24432,399.4,ASSUMPTION_PLACEHOLDER_SERIES
3/26/2025,1616.06,24475,478.3,ASSUMPTION_PLACEHOLDER_SERIES
3/27/2025,1591.77,24455,365.7,ASSUMPTION_PLACEHOLDER_SERIES
3/28/2025,1613.18,24442,-53.2,ASSUMPTION_PLACEHOLDER_SERIES
3/31/2025,1633.12,24416,-374.6,ASSUMPTION_PLACEHOLDER_SERIES
4/1/2025,1651.04,24476,-19.4,ASSUMPTION_PLACEHOLDER_SERIES
4/2/2025,1646.52,24512,42.7,ASSUMPTION_PLACEHOLDER_SERIES
4/3/2025,1636.88,24501,-420.8,ASSUMPTION_PLACEHOLDER_SERIES
4/4/2025,1667.46,24505,188.5,ASSUMPTION_PLACEHOLDER_SERIES
4/7/2025,1678.12,24479,257.1,ASSUMPTION_PLACEHOLDER_SERIES
4/8/2025,1700.72,24463,-122.6,ASSUMPTION_PLACEHOLDER_SERIES
4/9/2025,1687.56,24423,764.6,ASSUMPTION_PLACEHOLDER_SERIES
4/10/2025,1682.76,24486,-448.5,ASSUMPTION_PLACEHOLDER_SERIES
4/11/2025,1662.83,24408,34.6,ASSUMPTION_PLACEHOLDER_SERIES
4/14/2025,1658.49,24416,-507.7,ASSUMPTION_PLACEHOLDER_SERIES
4/15/2025,1655.3,24403,626.9,ASSUMPTION_PLACEHOLDER_SERIES
4/16/2025,1659.28,24442,9.6,ASSUMPTION_PLACEHOLDER_SERIES
4/17/2025,1684.07,24407,472.5,ASSUMPTION_PLACEHOLDER_SERIES
4/18/2025,1673.47,24398,359.4,ASSUMPTION_PLACEHOLDER_SERIES
4/21/2025,1688.33,24383,-355.3,ASSUMPTION_PLACEHOLDER_SERIES
4/22/2025,1689.2,24396,-279.4,ASSUMPTION_PLACEHOLDER_SERIES
4/23/2025,1699.69,24389,-57,ASSUMPTION_PLACEHOLDER_SERIES
4/24/2025,1701.95,24423,127.7,ASSUMPTION_PLACEHOLDER_SERIES
4/25/2025,1710.66,24494,-896.2,ASSUMPTION_PLACEHOLDER_SERIES
4/28/2025,1719.77,24462,-449.2,ASSUMPTION_PLACEHOLDER_SERIES
4/29/2025,1711.4,24445,788.9,ASSUMPTION_PLACEHOLDER_SERIES
4/30/2025,1731.82,24438,-403.5,ASSUMPTION_PLACEHOLDER_SERIES
5/1/2025,1719.14,24418,263.6,ASSUMPTION_PLACEHOLDER_SERIES
5/2/2025,1736.21,24410,65.2,ASSUMPTION_PLACEHOLDER_SERIES
5/5/2025,1752.25,24392,169,ASSUMPTION_PLACEHOLDER_SERIES
5/6/2025,1793.91,24379,-631.2,ASSUMPTION_PLACEHOLDER_SERIES
5/7/2025,1768.01,24347,546,ASSUMPTION_PLACEHOLDER_SERIES
5/8/2025,1747.21,24345,-998.7,ASSUMPTION_PLACEHOLDER_SERIES
5/9/2025,1733.26,24372,-690.2,ASSUMPTION_PLACEHOLDER_SERIES
5/12/2025,1742.17,24400,265.2,ASSUMPTION_PLACEHOLDER_SERIES
5/13/2025,1762.88,24406,-144.7,ASSUMPTION_PLACEHOLDER_SERIES
5/14/2025,1775.93,24383,-620.4,ASSUMPTION_PLACEHOLDER_SERIES
5/15/2025,1779.3,24360,-518.2,ASSUMPTION_PLACEHOLDER_SERIES
5/16/2025,1799.67,24400,444.1,ASSUMPTION_PLACEHOLDER_SERIES
5/19/2025,1800.79,24432,554.8,ASSUMPTION_PLACEHOLDER_SERIES
5/20/2025,1822.92,24413,-756.2,ASSUMPTION_PLACEHOLDER_SERIES
5/21/2025,1819.91,24420,-192,ASSUMPTION_PLACEHOLDER_SERIES
5/22/2025,1828.59,24427,-322.4,ASSUMPTION_PLACEHOLDER_SERIES
5/23/2025,1810.07,24431,-299.4,ASSUMPTION_PLACEHOLDER_SERIES
5/26/2025,1838.17,24435,124,ASSUMPTION_PLACEHOLDER_SERIES
5/27/2025,1827.77,24405,342.5,ASSUMPTION_PLACEHOLDER_SERIES
5/28/2025,1838,24366,-50.5,ASSUMPTION_PLACEHOLDER_SERIES
5/29/2025,1834.31,24398,-132.9,ASSUMPTION_PLACEHOLDER_SERIES
5/30/2025,1839.66,24380,200.1,ASSUMPTION_PLACEHOLDER_SERIES
6/2/2025,1826.25,24331,-401.9,ASSUMPTION_PLACEHOLDER_SERIES
6/3/2025,1825.64,24341,-535.2,ASSUMPTION_PLACEHOLDER_SERIES
6/4/2025,1802.12,24260,1134.2,ASSUMPTION_PLACEHOLDER_SERIES
6/5/2025,1821.55,24223,72.5,ASSUMPTION_PLACEHOLDER_SERIES
6/6/2025,1808.18,24293,168.4,ASSUMPTION_PLACEHOLDER_SERIES
6/9/2025,1823.03,24288,881,ASSUMPTION_PLACEHOLDER_SERIES
6/10/2025,1816.19,24284,-257,ASSUMPTION_PLACEHOLDER_SERIES
6/11/2025,1769.8,24261,-221,ASSUMPTION_PLACEHOLDER_SERIES
6/12/2025,1771.77,24201,-300.5,ASSUMPTION_PLACEHOLDER_SERIES
6/13/2025,1755.62,24162,-59.3,ASSUMPTION_PLACEHOLDER_SERIES
6/16/2025,1748.37,24164,-11.2,ASSUMPTION_PLACEHOLDER_SERIES
6/17/2025,1735.66,24147,-649.8,ASSUMPTION_PLACEHOLDER_SERIES
6/18/2025,1711.31,24121,1063.7,ASSUMPTION_PLACEHOLDER_SERIES
6/19/2025,1711.95,24086,-129.8,ASSUMPTION_PLACEHOLDER_SERIES
6/20/2025,1724.19,24090,175.7,ASSUMPTION_PLACEHOLDER_SERIES
6/23/2025,1726.54,24049,-249.2,ASSUMPTION_PLACEHOLDER_SERIES
6/24/2025,1684.99,24030,-412.6,ASSUMPTION_PLACEHOLDER_SERIES
6/25/2025,1676.14,24036,549.9,ASSUMPTION_PLACEHOLDER_SERIES
6/26/2025,1659.49,24010,-981.6,ASSUMPTION_PLACEHOLDER_SERIES
6/27/2025,1674.7,23988,737.6,ASSUMPTION_PLACEHOLDER_SERIES
6/30/2025,1663.42,23978,59.4,ASSUMPTION_PLACEHOLDER_SERIES
7/1/2025,1694.12,24010,-124.5,ASSUMPTION_PLACEHOLDER_SERIES
7/2/2025,1703.23,23973,-203.6,ASSUMPTION_PLACEHOLDER_SERIES
7/3/2025,1707.12,23924,19.7,ASSUMPTION_PLACEHOLDER_SERIES
7/4/2025,1724.23,23958,-212.2,ASSUMPTION_PLACEHOLDER_SERIES
7/7/2025,1702.69,23937,-312.7,ASSUMPTION_PLACEHOLDER_SERIES
7/8/2025,1703.63,23919,131,ASSUMPTION_PLACEHOLDER_SERIES
7/9/2025,1694.9,23887,490.9,ASSUMPTION_PLACEHOLDER_SERIES
7/10/2025,1710.01,23879,-68.2,ASSUMPTION_PLACEHOLDER_SERIES
7/11/2025,1734.17,23877,-94.7,ASSUMPTION_PLACEHOLDER_SERIES
7/14/2025,1765.46,23968,5.5,ASSUMPTION_PLACEHOLDER_SERIES
7/15/2025,1754.32,23983,159.5,ASSUMPTION_PLACEHOLDER_SERIES
7/16/2025,1765.08,24053,58.1,ASSUMPTION_PLACEHOLDER_SERIES
7/17/2025,1761.63,24092,570.9,ASSUMPTION_PLACEHOLDER_SERIES
7/18/2025,1778.66,24115,111,ASSUMPTION_PLACEHOLDER_SERIES
7/21/2025,1767.49,24043,274.5,ASSUMPTION_PLACEHOLDER_SERIES
7/22/2025,1795.56,24072,-308.4,ASSUMPTION_PLACEHOLDER_SERIES
7/23/2025,1812.62,24108,79.9,ASSUMPTION_PLACEHOLDER_SERIES
7/24/2025,1783.15,24120,-589.6,ASSUMPTION_PLACEHOLDER_SERIES
7/25/2025,1758.19,24156,98.9,ASSUMPTION_PLACEHOLDER_SERIES
7/28/2025,1727.46,24220,712.9,ASSUMPTION_PLACEHOLDER_SERIES
7/29/2025,1735.56,24208,480.7,ASSUMPTION_PLACEHOLDER_SERIES
7/30/2025,1726.82,24259,155.4,ASSUMPTION_PLACEHOLDER_SERIES
7/31/2025,1774.87,24270,239.5,ASSUMPTION_PLACEHOLDER_SERIES
8/1/2025,1741.65,24212,-470,ASSUMPTION_PLACEHOLDER_SERIES
8/4/2025,1744.7,24187,765.4,ASSUMPTION_PLACEHOLDER_SERIES
8/5/2025,1765.03,24143,92.8,ASSUMPTION_PLACEHOLDER_SERIES
8/6/2025,1771.14,24140,-712.6,ASSUMPTION_PLACEHOLDER_SERIES
8/7/2025,1766.02,24081,-480.5,ASSUMPTION_PLACEHOLDER_SERIES
8/8/2025,1763.31,24074,-185.6,ASSUMPTION_PLACEHOLDER_SERIES
8/11/2025,1780,23985,-262.1,ASSUMPTION_PLACEHOLDER_SERIES
8/12/2025,1787.13,23994,-12,ASSUMPTION_PLACEHOLDER_SERIES
8/13/2025,1750.47,23957,173.5,ASSUMPTION_PLACEHOLDER_SERIES
8/14/2025,1758.64,23951,651.3,ASSUMPTION_PLACEHOLDER_SERIES
8/15/2025,1749.98,24010,-399.1,ASSUMPTION_PLACEHOLDER_SERIES
8/18/2025,1758.77,23979,-255.1,ASSUMPTION_PLACEHOLDER_SERIES
8/19/2025,1765.36,23950,-116.2,ASSUMPTION_PLACEHOLDER_SERIES
8/20/2025,1738.7,23944,346.8,ASSUMPTION_PLACEHOLDER_SERIES
8/21/2025,1762.27,23911,305.4,ASSUMPTION_PLACEHOLDER_SERIES
8/22/2025,1762.78,23864,-597.1,ASSUMPTION_PLACEHOLDER_SERIES
8/25/2025,1758.5,23913,75.6,ASSUMPTION_PLACEHOLDER_SERIES
8/26/2025,1764.79,23903,-475.6,ASSUMPTION_PLACEHOLDER_SERIES
8/27/2025,1761.3,23889,-647.4,ASSUMPTION_PLACEHOLDER_SERIES
8/28/2025,1738.28,23953,143.6,ASSUMPTION_PLACEHOLDER_SERIES
8/29/2025,1770.07,24015,-884.3,ASSUMPTION_PLACEHOLDER_SERIES
9/1/2025,1764.42,24039,-73.1,ASSUMPTION_PLACEHOLDER_SERIES
9/2/2025,1748.91,24061,-490.3,ASSUMPTION_PLACEHOLDER_SERIES
9/3/2025,1709.99,24056,431.2,ASSUMPTION_PLACEHOLDER_SERIES
9/4/2025,1683.54,24072,872.2,ASSUMPTION_PLACEHOLDER_SERIES
9/5/2025,1715.8,24078,-370.3,ASSUMPTION_PLACEHOLDER_SERIES
9/8/2025,1734.59,24019,38.8,ASSUMPTION_PLACEHOLDER_SERIES
9/9/2025,1741.11,24073,-106.8,ASSUMPTION_PLACEHOLDER_SERIES
9/10/2025,1746.43,24044,-481.2,ASSUMPTION_PLACEHOLDER_SERIES
9/11/2025,1746.23,24078,127.9,ASSUMPTION_PLACEHOLDER_SERIES
9/12/2025,1767.13,24138,-215.3,ASSUMPTION_PLACEHOLDER_SERIES
9/15/2025,1774.13,24188,-78.5,ASSUMPTION_PLACEHOLDER_SERIES
9/16/2025,1776.62,24227,-8.1,ASSUMPTION_PLACEHOLDER_SERIES
9/17/2025,1763.99,24194,181.1,ASSUMPTION_PLACEHOLDER_SERIES
9/18/2025,1761.69,24194,118.6,ASSUMPTION_PLACEHOLDER_SERIES
9/19/2025,1785.1,24176,173.3,ASSUMPTION_PLACEHOLDER_SERIES
9/22/2025,1772.24,24229,-413.1,ASSUMPTION_PLACEHOLDER_SERIES
9/23/2025,1772.25,24188,-345.7,ASSUMPTION_PLACEHOLDER_SERIES
9/24/2025,1769.4,24181,606.4,ASSUMPTION_PLACEHOLDER_SERIES
9/25/2025,1755.46,24259,-33.6,ASSUMPTION_PLACEHOLDER_SERIES
9/26/2025,1777.4,24308,45.2,ASSUMPTION_PLACEHOLDER_SERIES
9/29/2025,1766.55,24353,-459.8,ASSUMPTION_PLACEHOLDER_SERIES
9/30/2025,1803.26,24285,-656.2,ASSUMPTION_PLACEHOLDER_SERIES
10/1/2025,1815.03,24239,-11.9,ASSUMPTION_PLACEHOLDER_SERIES
10/2/2025,1769.41,24195,509.3,ASSUMPTION_PLACEHOLDER_SERIES
10/3/2025,1789.32,24164,788.5,ASSUMPTION_PLACEHOLDER_SERIES
10/6/2025,1760.9,24221,-1509.5,ASSUMPTION_PLACEHOLDER_SERIES
10/7/2025,1774.16,24168,36.8,ASSUMPTION_PLACEHOLDER_SERIES
10/8/2025,1760.93,24144,203.7,ASSUMPTION_PLACEHOLDER_SERIES
10/9/2025,1749.82,24161,535.4,ASSUMPTION_PLACEHOLDER_SERIES
10/10/2025,1771.58,24162,365.1,ASSUMPTION_PLACEHOLDER_SERIES
10/13/2025,1778.38,24083,671.1,ASSUMPTION_PLACEHOLDER_SERIES
10/14/2025,1762.95,24109,-94.6,ASSUMPTION_PLACEHOLDER_SERIES
10/15/2025,1756.69,24099,-433.1,ASSUMPTION_PLACEHOLDER_SERIES
10/16/2025,1746.57,24110,-289.9,ASSUMPTION_PLACEHOLDER_SERIES
10/17/2025,1731.77,24122,-607.7,ASSUMPTION_PLACEHOLDER_SERIES
10/20/2025,1710.25,24141,272.3,ASSUMPTION_PLACEHOLDER_SERIES
10/21/2025,1751.58,24158,102.1,ASSUMPTION_PLACEHOLDER_SERIES
10/22/2025,1748.49,24188,512.7,ASSUMPTION_PLACEHOLDER_SERIES
10/23/2025,1735.77,24174,-24,ASSUMPTION_PLACEHOLDER_SERIES
10/24/2025,1734.42,24163,-697.7,ASSUMPTION_PLACEHOLDER_SERIES
10/27/2025,1731.72,24152,-867.9,ASSUMPTION_PLACEHOLDER_SERIES
10/28/2025,1733.84,24207,125.3,ASSUMPTION_PLACEHOLDER_SERIES
10/29/2025,1706.75,24175,382.3,ASSUMPTION_PLACEHOLDER_SERIES
10/30/2025,1700.26,24183,-853.8,ASSUMPTION_PLACEHOLDER_SERIES
10/31/2025,1685.81,24179,553.6,ASSUMPTION_PLACEHOLDER_SERIES
11/3/2025,1704.35,24161,81,ASSUMPTION_PLACEHOLDER_SERIES
11/4/2025,1684.02,24201,-247.1,ASSUMPTION_PLACEHOLDER_SERIES
11/5/2025,1685.07,24235,-180.8,ASSUMPTION_PLACEHOLDER_SERIES
11/6/2025,1680.7,24292,168.7,ASSUMPTION_PLACEHOLDER_SERIES
11/7/2025,1680.9,24273,-373.9,ASSUMPTION_PLACEHOLDER_SERIES
11/10/2025,1695.71,24265,-1153.5,ASSUMPTION_PLACEHOLDER_SERIES
11/11/2025,1678.91,24211,-583.5,ASSUMPTION_PLACEHOLDER_SERIES
11/12/2025,1674.22,24220,-2.5,ASSUMPTION_PLACEHOLDER_SERIES
11/13/2025,1671.43,24217,-384.8,ASSUMPTION_PLACEHOLDER_SERIES
11/14/2025,1655.87,24198,-623.9,ASSUMPTION_PLACEHOLDER_SERIES
11/17/2025,1652.22,24262,706.8,ASSUMPTION_PLACEHOLDER_SERIES
11/18/2025,1619.44,24266,-93.8,ASSUMPTION_PLACEHOLDER_SERIES
11/19/2025,1578.9,24271,-349.4,ASSUMPTION_PLACEHOLDER_SERIES
11/20/2025,1560.04,24266,-781.7,ASSUMPTION_PLACEHOLDER_SERIES
11/21/2025,1559.48,24298,251.9,ASSUMPTION_PLACEHOLDER_SERIES
11/24/2025,1537.35,24293,370.5,ASSUMPTION_PLACEHOLDER_SERIES
11/25/2025,1535.31,24240,391.6,ASSUMPTION_PLACEHOLDER_SERIES
11/26/2025,1552.23,24330,-80.3,ASSUMPTION_PLACEHOLDER_SERIES
11/27/2025,1555.84,24290,-942,ASSUMPTION_PLACEHOLDER_SERIES
11/28/2025,1584.54,24254,-577.3,ASSUMPTION_PLACEHOLDER_SERIES
12/1/2025,1554.25,24170,17.8,ASSUMPTION_PLACEHOLDER_SERIES
12/2/2025,1543.89,24196,176.5,ASSUMPTION_PLACEHOLDER_SERIES
12/3/2025,1537.86,24210,-1006.2,ASSUMPTION_PLACEHOLDER_SERIES
12/4/2025,1535.71,24241,-139.1,ASSUMPTION_PLACEHOLDER_SERIES
12/5/2025,1535.88,24222,159.7,ASSUMPTION_PLACEHOLDER_SERIES
12/8/2025,1498.95,24227,-97.2,ASSUMPTION_PLACEHOLDER_SERIES
12/9/2025,1503.01,24227,109.8,ASSUMPTION_PLACEHOLDER_SERIES
12/10/2025,1526.77,24254,-546.4,ASSUMPTION_PLACEHOLDER_SERIES
12/11/2025,1545.63,24287,-95.8,ASSUMPTION_PLACEHOLDER_SERIES
12/12/2025,1500.04,24325,-330.6,ASSUMPTION_PLACEHOLDER_SERIES
12/15/2025,1523.8,24267,400.7,ASSUMPTION_PLACEHOLDER_SERIES
12/16/2025,1540.46,24261,77.6,ASSUMPTION_PLACEHOLDER_SERIES
12/17/2025,1548.09,24224,-528,ASSUMPTION_PLACEHOLDER_SERIES
12/18/2025,1571,24320,1017.3,ASSUMPTION_PLACEHOLDER_SERIES
12/19/2025,1574.42,24342,-136.7,ASSUMPTION_PLACEHOLDER_SERIES
12/22/2025,1579.71,24255,376.1,ASSUMPTION_PLACEHOLDER_SERIES
12/23/2025,1593.49,24235,-523.2,ASSUMPTION_PLACEHOLDER_SERIES
12/24/2025,1629.86,24241,1380.5,ASSUMPTION_PLACEHOLDER_SERIES
12/25/2025,1623.74,24277,-446.1,ASSUMPTION_PLACEHOLDER_SERIES
12/26/2025,1636.44,24230,283.4,ASSUMPTION_PLACEHOLDER_SERIES
12/29/2025,1654.62,24196,-60.6,ASSUMPTION_PLACEHOLDER_SERIES
12/30/2025,1653.66,24232,-107.6,ASSUMPTION_PLACEHOLDER_SERIES
12/31/2025,1658.72,24211,406.2,ASSUMPTION_PLACEHOLDER_SERIES
1/1/2026,1653.97,24248,216.4,ASSUMPTION_PLACEHOLDER_SERIES
1/2/2026,1665.06,24280,255.9,ASSUMPTION_PLACEHOLDER_SERIES
1/5/2026,1638.37,24373,-441.3,ASSUMPTION_PLACEHOLDER_SERIES
1/6/2026,1635.16,24419,-100.1,ASSUMPTION_PLACEHOLDER_SERIES
1/7/2026,1635.45,24461,302.8,ASSUMPTION_PLACEHOLDER_SERIES
1/8/2026,1635.82,24501,-53.6,ASSUMPTION_PLACEHOLDER_SERIES
1/9/2026,1610.01,24453,-140,ASSUMPTION_PLACEHOLDER_SERIES
1/12/2026,1578.55,24439,-168.3,ASSUMPTION_PLACEHOLDER_SERIES
1/13/2026,1592.33,24480,-30.4,ASSUMPTION_PLACEHOLDER_SERIES
1/14/2026,1575.58,24409,-74.2,ASSUMPTION_PLACEHOLDER_SERIES
1/15/2026,1593.51,24411,-135.7,ASSUMPTION_PLACEHOLDER_SERIES
1/16/2026,1600.61,24357,604.1,ASSUMPTION_PLACEHOLDER_SERIES
1/19/2026,1599.88,24367,396.5,ASSUMPTION_PLACEHOLDER_SERIES
1/20/2026,1587.41,24338,-146.9,ASSUMPTION_PLACEHOLDER_SERIES
1/21/2026,1555.33,24313,-316.1,ASSUMPTION_PLACEHOLDER_SERIES
1/22/2026,1555.75,24291,-560.1,ASSUMPTION_PLACEHOLDER_SERIES
1/23/2026,1593,24286,123.8,ASSUMPTION_PLACEHOLDER_SERIES
1/26/2026,1615.09,24249,326.8,ASSUMPTION_PLACEHOLDER_SERIES
1/27/2026,1609.19,24222,562.5,ASSUMPTION_PLACEHOLDER_SERIES
1/28/2026,1608.05,24216,-303.5,ASSUMPTION_PLACEHOLDER_SERIES
1/29/2026,1605.81,24270,61.5,ASSUMPTION_PLACEHOLDER_SERIES
1/30/2026,1620.11,24340,781.2,ASSUMPTION_PLACEHOLDER_SERIES
2/2/2026,1606.2,24280,-207.2,ASSUMPTION_PLACEHOLDER_SERIES
2/3/2026,1598.26,24336,-444.9,ASSUMPTION_PLACEHOLDER_SERIES
2/4/2026,1591.41,24325,-109.5,ASSUMPTION_PLACEHOLDER_SERIES
2/5/2026,1599.16,24354,214.8,ASSUMPTION_PLACEHOLDER_SERIES
2/6/2026,1613.37,24354,-441,ASSUMPTION_PLACEHOLDER_SERIES
2/9/2026,1608.14,24323,74.1,ASSUMPTION_PLACEHOLDER_SERIES
2/10/2026,1606.11,24291,-77.1,ASSUMPTION_PLACEHOLDER_SERIES
2/11/2026,1620.38,24317,355.1,ASSUMPTION_PLACEHOLDER_SERIES
2/12/2026,1636.96,24308,212,ASSUMPTION_PLACEHOLDER_SERIES
2/13/2026,1643.67,24340,-180.1,ASSUMPTION_PLACEHOLDER_SERIES
2/16/2026,1706.95,24392,99.9,ASSUMPTION_PLACEHOLDER_SERIES
2/17/2026,1705.78,24394,-664.1,ASSUMPTION_PLACEHOLDER_SERIES
2/18/2026,1675.51,24439,-303.9,ASSUMPTION_PLACEHOLDER_SERIES
2/19/2026,1676.67,24451,-92.2,ASSUMPTION_PLACEHOLDER_SERIES
2/20/2026,1685.71,24497,153,ASSUMPTION_PLACEHOLDER_SERIES
2/23/2026,1687.9,24517,29,ASSUMPTION_PLACEHOLDER_SERIES
2/24/2026,1707.46,24518,678.1,ASSUMPTION_PLACEHOLDER_SERIES
2/25/2026,1704.06,24489,-540.2,ASSUMPTION_PLACEHOLDER_SERIES
2/26/2026,1683.93,24440,-220.6,ASSUMPTION_PLACEHOLDER_SERIES
2/27/2026,1673.8,24479,796.8,ASSUMPTION_PLACEHOLDER_SERIES
3/2/2026,1680.04,24423,-79.6,ASSUMPTION_PLACEHOLDER_SERIES
3/3/2026,1666.83,24407,-171.3,ASSUMPTION_PLACEHOLDER_SERIES
3/4/2026,1705.07,24370,320.1,ASSUMPTION_PLACEHOLDER_SERIES
3/5/2026,1719.64,24410,233.5,ASSUMPTION_PLACEHOLDER_SERIES
3/6/2026,1730.96,24441,226.2,ASSUMPTION_PLACEHOLDER_SERIES
3/9/2026,1710.19,24442,529,ASSUMPTION_PLACEHOLDER_SERIES
3/10/2026,1699.91,24413,-599.4,ASSUMPTION_PLACEHOLDER_SERIES
3/11/2026,1695.07,24349,-1252.7,ASSUMPTION_PLACEHOLDER_SERIES
3/12/2026,1696.73,24392,-43.7,ASSUMPTION_PLACEHOLDER_SERIES
3/13/2026,1711.82,24405,13,ASSUMPTION_PLACEHOLDER_SERIES
3/16/2026,1696.74,24371,-414.3,ASSUMPTION_PLACEHOLDER_SERIES
3/17/2026,1681,24449,-352.2,ASSUMPTION_PLACEHOLDER_SERIES
3/18/2026,1696.06,24415,55,ASSUMPTION_PLACEHOLDER_SERIES
3/19/2026,1718.68,24444,-275.8,ASSUMPTION_PLACEHOLDER_SERIES
3/20/2026,1758.94,24403,398.7,ASSUMPTION_PLACEHOLDER_SERIES
3/23/2026,1771.91,24347,-319,ASSUMPTION_PLACEHOLDER_SERIES
3/24/2026,1765.88,24329,122.6,ASSUMPTION_PLACEHOLDER_SERIES
3/25/2026,1764.98,24398,-104.2,ASSUMPTION_PLACEHOLDER_SERIES
3/26/2026,1773.96,24407,-212.7,ASSUMPTION_PLACEHOLDER_SERIES
3/27/2026,1772.51,24340,307.5,ASSUMPTION_PLACEHOLDER_SERIES
3/30/2026,1772.4,24361,-486.1,ASSUMPTION_PLACEHOLDER_SERIES
3/31/2026,1779.47,24321,-119,ASSUMPTION_PLACEHOLDER_SERIES
4/1/2026,1805.62,24358,-897.6,ASSUMPTION_PLACEHOLDER_SERIES
4/2/2026,1809.1,24390,-83.4,ASSUMPTION_PLACEHOLDER_SERIES
4/3/2026,1794.76,24356,131.2,ASSUMPTION_PLACEHOLDER_SERIES
4/6/2026,1801.16,24348,-485.1,ASSUMPTION_PLACEHOLDER_SERIES
4/7/2026,1796.74,24377,-488.5,ASSUMPTION_PLACEHOLDER_SERIES
4/8/2026,1797,24336,338.8,ASSUMPTION_PLACEHOLDER_SERIES
4/9/2026,1817.79,24347,75.8,ASSUMPTION_PLACEHOLDER_SERIES
4/10/2026,1786.99,24282,343.3,ASSUMPTION_PLACEHOLDER_SERIES
4/13/2026,1801.85,24272,216.5,ASSUMPTION_PLACEHOLDER_SERIES
4/14/2026,1785.74,24271,411,ASSUMPTION_PLACEHOLDER_SERIES
4/15/2026,1776.02,24247,-360.9,ASSUMPTION_PLACEHOLDER_SERIES
4/16/2026,1739.55,24179,-67.2,ASSUMPTION_PLACEHOLDER_SERIES
4/17/2026,1744.08,24165,-6.1,ASSUMPTION_PLACEHOLDER_SERIES
4/20/2026,1729.64,24229,1.7,ASSUMPTION_PLACEHOLDER_SERIES
4/21/2026,1744.51,24209,-403.6,ASSUMPTION_PLACEHOLDER_SERIES
4/22/2026,1738.02,24230,-35.5,ASSUMPTION_PLACEHOLDER_SERIES
4/23/2026,1752.47,24214,-239.5,ASSUMPTION_PLACEHOLDER_SERIES
4/24/2026,1759.31,24208,-792.5,ASSUMPTION_PLACEHOLDER_SERIES
4/27/2026,1721.28,24159,-522.2,ASSUMPTION_PLACEHOLDER_SERIES
4/28/2026,1694.34,24164,623.4,ASSUMPTION_PLACEHOLDER_SERIES
4/29/2026,1709.31,24182,-325.8,ASSUMPTION_PLACEHOLDER_SERIES
4/30/2026,1677.58,24137,132.3,ASSUMPTION_PLACEHOLDER_SERIES
5/1/2026,1690.33,24159,-192.2,ASSUMPTION_PLACEHOLDER_SERIES
5/4/2026,1675.94,24135,272,ASSUMPTION_PLACEHOLDER_SERIES
5/5/2026,1685.51,24170,-191.5,ASSUMPTION_PLACEHOLDER_SERIES
5/6/2026,1674.77,24107,147.7,ASSUMPTION_PLACEHOLDER_SERIES
5/7/2026,1675.96,24050,425.6,ASSUMPTION_PLACEHOLDER_SERIES
5/8/2026,1669.22,24042,726,ASSUMPTION_PLACEHOLDER_SERIES
5/11/2026,1647.99,24051,-471.7,ASSUMPTION_PLACEHOLDER_SERIES
5/12/2026,1635.84,24077,-403.9,ASSUMPTION_PLACEHOLDER_SERIES
5/13/2026,1656.93,24010,-760.6,ASSUMPTION_PLACEHOLDER_SERIES
5/14/2026,1653.8,24012,-92,ASSUMPTION_PLACEHOLDER_SERIES
5/15/2026,1623.9,24002,892,ASSUMPTION_PLACEHOLDER_SERIES
5/18/2026,1643.94,24043,-284.9,ASSUMPTION_PLACEHOLDER_SERIES
5/19/2026,1663.18,24019,694.1,ASSUMPTION_PLACEHOLDER_SERIES
5/20/2026,1651.39,23929,-23,ASSUMPTION_PLACEHOLDER_SERIES
5/21/2026,1648.59,23963,-291.8,ASSUMPTION_PLACEHOLDER_SERIES
5/22/2026,1666.62,23969,-165.1,ASSUMPTION_PLACEHOLDER_SERIES
5/25/2026,1660.59,23946,279.2,ASSUMPTION_PLACEHOLDER_SERIES
5/26/2026,1690.96,23966,268.4,ASSUMPTION_PLACEHOLDER_SERIES
5/27/2026,1692.1,23964,-32.4,ASSUMPTION_PLACEHOLDER_SERIES
5/28/2026,1691.7,23911,-113.8,ASSUMPTION_PLACEHOLDER_SERIES
5/29/2026,1697.72,23915,420.1,ASSUMPTION_PLACEHOLDER_SERIES
6/1/2026,1721.5,23835,391.5,ASSUMPTION_PLACEHOLDER_SERIES
6/2/2026,1695.99,23918,-289.1,ASSUMPTION_PLACEHOLDER_SERIES
6/3/2026,1688.98,23950,679.3,ASSUMPTION_PLACEHOLDER_SERIES
6/4/2026,1666.15,23960,-841.4,ASSUMPTION_PLACEHOLDER_SERIES
6/5/2026,1676.12,23936,169.5,ASSUMPTION_PLACEHOLDER_SERIES
6/8/2026,1685.12,23968,-330.8,ASSUMPTION_PLACEHOLDER_SERIES
6/9/2026,1668.26,23947,71.8,ASSUMPTION_PLACEHOLDER_SERIES
6/10/2026,1679.05,23914,-241.6,ASSUMPTION_PLACEHOLDER_SERIES
6/11/2026,1677.59,23974,-724.2,ASSUMPTION_PLACEHOLDER_SERIES
6/12/2026,1679.24,23910,312.2,ASSUMPTION_PLACEHOLDER_SERIES
6/15/2026,1700.6,23892,-421.8,ASSUMPTION_PLACEHOLDER_SERIES
6/16/2026,1682.86,23909,-615.7,ASSUMPTION_PLACEHOLDER_SERIES
6/17/2026,1704.09,23912,104.7,ASSUMPTION_PLACEHOLDER_SERIES
6/18/2026,1715.31,23896,-150.8,ASSUMPTION_PLACEHOLDER_SERIES
6/19/2026,1691.18,23889,246,ASSUMPTION_PLACEHOLDER_SERIES
6/22/2026,1698.18,23889,-955.9,ASSUMPTION_PLACEHOLDER_SERIES
6/23/2026,1702.28,23950,256.6,ASSUMPTION_PLACEHOLDER_SERIES
6/24/2026,1709.46,23936,-39.3,ASSUMPTION_PLACEHOLDER_SERIES
6/25/2026,1730.44,23991,15.3,ASSUMPTION_PLACEHOLDER_SERIES
6/26/2026,1720.37,24000,242.1,ASSUMPTION_PLACEHOLDER_SERIES
6/29/2026,1745.61,24009,83.9,ASSUMPTION_PLACEHOLDER_SERIES
6/30/2026,1737.37,23933,-429.1,ASSUMPTION_PLACEHOLDER_SERIES
7/1/2026,1753.99,23922,-145,ASSUMPTION_PLACEHOLDER_SERIES
7/2/2026,1743.28,23892,395.3,ASSUMPTION_PLACEHOLDER_SERIES
7/3/2026,1737.81,23857,-54.2,ASSUMPTION_PLACEHOLDER_SERIES
7/6/2026,1762.68,23867,-364.7,ASSUMPTION_PLACEHOLDER_SERIES
7/7/2026,1784.89,23880,235.1,ASSUMPTION_PLACEHOLDER_SERIES
7/8/2026,1761.09,23913,-211.9,ASSUMPTION_PLACEHOLDER_SERIES
7/9/2026,1735.34,23889,-168.7,ASSUMPTION_PLACEHOLDER_SERIES
7/10/2026,1733.86,23902,500.9,ASSUMPTION_PLACEHOLDER_SERIES
7/13/2026,1757.88,23925,408.6,ASSUMPTION_PLACEHOLDER_SERIES
7/14/2026,1767.66,23884,-513.4,ASSUMPTION_PLACEHOLDER_SERIES
7/15/2026,1750.11,23906,-466.6,ASSUMPTION_PLACEHOLDER_SERIES
7/16/2026,1729.15,23878,-167.2,ASSUMPTION_PLACEHOLDER_SERIES
7/17/2026,1730.95,23894,-497,ASSUMPTION_PLACEHOLDER_SERIES
7/20/2026,1714.1,23857,736.2,ASSUMPTION_PLACEHOLDER_SERIES
7/21/2026,1734.34,23878,270.8,ASSUMPTION_PLACEHOLDER_SERIES
7/22/2026,1752.92,23862,-36.2,ASSUMPTION_PLACEHOLDER_SERIES
7/23/2026,1729.17,23830,-188.5,ASSUMPTION_PLACEHOLDER_SERIES
7/24/2026,1755.94,23848,168.9,ASSUMPTION_PLACEHOLDER_SERIES
7/27/2026,1764.93,23797,109.9,ASSUMPTION_PLACEHOLDER_SERIES
7/28/2026,1771.74,23792,-347.6,ASSUMPTION_PLACEHOLDER_SERIES
7/29/2026,1747.46,23841,-719.4,ASSUMPTION_PLACEHOLDER_SERIES
7/30/2026,1750.99,23885,538.3,ASSUMPTION_PLACEHOLDER_SERIES
7/31/2026,1726.48,23889,222.5,ASSUMPTION_PLACEHOLDER_SERIES
8/3/2026,1751.99,23878,228.3,ASSUMPTION_PLACEHOLDER_SERIES
8/4/2026,1726.04,23881,-240.7,ASSUMPTION_PLACEHOLDER_SERIES
8/5/2026,1694.28,23807,-472.3,ASSUMPTION_PLACEHOLDER_SERIES
8/6/2026,1693.09,23757,-806.9,ASSUMPTION_PLACEHOLDER_SERIES
8/7/2026,1695.43,23732,-202.9,ASSUMPTION_PLACEHOLDER_SERIES
8/10/2026,1723,23714,421.9,ASSUMPTION_PLACEHOLDER_SERIES
8/11/2026,1741.48,23698,-360.2,ASSUMPTION_PLACEHOLDER_SERIES
8/12/2026,1721.57,23692,39,ASSUMPTION_PLACEHOLDER_SERIES
8/13/2026,1742.71,23739,-111.7,ASSUMPTION_PLACEHOLDER_SERIES
8/14/2026,1725.01,23672,-251.2,ASSUMPTION_PLACEHOLDER_SERIES
8/17/2026,1752.51,23657,-233.7,ASSUMPTION_PLACEHOLDER_SERIES
8/18/2026,1806.84,23622,641.5,ASSUMPTION_PLACEHOLDER_SERIES
8/19/2026,1772.4,23651,-49.2,ASSUMPTION_PLACEHOLDER_SERIES
8/20/2026,1765.65,23626,-257.8,ASSUMPTION_PLACEHOLDER_SERIES
8/21/2026,1771.72,23665,-242.9,ASSUMPTION_PLACEHOLDER_SERIES
8/24/2026,1765.13,23631,632.7,ASSUMPTION_PLACEHOLDER_SERIES
8/25/2026,1765.76,23616,-822.5,ASSUMPTION_PLACEHOLDER_SERIES
8/26/2026,1771.87,23631,-24.9,ASSUMPTION_PLACEHOLDER_SERIES
8/27/2026,1749.51,23620,-337.8,ASSUMPTION_PLACEHOLDER_SERIES
8/28/2026,1737.16,23622,525,ASSUMPTION_PLACEHOLDER_SERIES
8/31/2026,1753.86,23695,-295.1,ASSUMPTION_PLACEHOLDER_SERIES
9/1/2026,1785.29,23713,689.9,ASSUMPTION_PLACEHOLDER_SERIES
9/2/2026,1766.46,23665,469.1,ASSUMPTION_PLACEHOLDER_SERIES
9/3/2026,1776.78,23615,-608.8,ASSUMPTION_PLACEHOLDER_SERIES
9/4/2026,1773.61,23611,-471.6,ASSUMPTION_PLACEHOLDER_SERIES
9/7/2026,1794.96,23629,61.7,ASSUMPTION_PLACEHOLDER_SERIES
9/8/2026,1794.12,23645,-84.1,ASSUMPTION_PLACEHOLDER_SERIES
9/9/2026,1780.75,23643,71.3,ASSUMPTION_PLACEHOLDER_SERIES
9/10/2026,1782.09,23645,-194.8,ASSUMPTION_PLACEHOLDER_SERIES
9/11/2026,1780.58,23703,317.3,ASSUMPTION_PLACEHOLDER_SERIES
9/14/2026,1767.01,23719,-283.1,ASSUMPTION_PLACEHOLDER_SERIES
9/15/2026,1777.29,23700,-552.7,ASSUMPTION_PLACEHOLDER_SERIES
9/16/2026,1742.43,23643,-156.7,ASSUMPTION_PLACEHOLDER_SERIES
9/17/2026,1760.38,23607,-453.9,ASSUMPTION_PLACEHOLDER_SERIES
9/18/2026,1750,23643,460.5,ASSUMPTION_PLACEHOLDER_SERIES
9/21/2026,1774.68,23706,-577.5,ASSUMPTION_PLACEHOLDER_SERIES
9/22/2026,1762.23,23684,205.7,ASSUMPTION_PLACEHOLDER_SERIES
9/23/2026,1759.58,23633,-661.1,ASSUMPTION_PLACEHOLDER_SERIES
9/24/2026,1748.99,23623,-69.2,ASSUMPTION_PLACEHOLDER_SERIES
9/25/2026,1746.89,23622,-304.7,ASSUMPTION_PLACEHOLDER_SERIES
9/28/2026,1721.87,23645,-776.7,ASSUMPTION_PLACEHOLDER_SERIES
9/29/2026,1677.75,23742,-315.9,ASSUMPTION_PLACEHOLDER_SERIES
9/30/2026,1688.42,23768,464.9,ASSUMPTION_PLACEHOLDER_SERIES
10/1/2026,1703.89,23786,-653.2,ASSUMPTION_PLACEHOLDER_SERIES
10/2/2026,1705.44,23777,-363,ASSUMPTION_PLACEHOLDER_SERIES
10/5/2026,1700.02,23792,-501.5,ASSUMPTION_PLACEHOLDER_SERIES
10/6/2026,1695.5,23742,872,ASSUMPTION_PLACEHOLDER_SERIES
10/7/2026,1739.09,23738,267.3,ASSUMPTION_PLACEHOLDER_SERIES
10/8/2026,1740.78,23715,41.9,ASSUMPTION_PLACEHOLDER_SERIES
10/9/2026,1754.47,23709,52.3,ASSUMPTION_PLACEHOLDER_SERIES
10/12/2026,1773.7,23729,754.7,ASSUMPTION_PLACEHOLDER_SERIES
10/13/2026,1777.42,23682,-723.1,ASSUMPTION_PLACEHOLDER_SERIES
10/14/2026,1786.91,23687,-452.6,ASSUMPTION_PLACEHOLDER_SERIES
10/15/2026,1781.19,23725,505.6,ASSUMPTION_PLACEHOLDER_SERIES
10/16/2026,1763.64,23727,-202.7,ASSUMPTION_PLACEHOLDER_SERIES
10/19/2026,1755.19,23683,460.4,ASSUMPTION_PLACEHOLDER_SERIES
10/20/2026,1789.67,23632,-631.9,ASSUMPTION_PLACEHOLDER_SERIES
10/21/2026,1777.71,23610,-622.7,ASSUMPTION_PLACEHOLDER_SERIES
10/22/2026,1779.06,23596,479,ASSUMPTION_PLACEHOLDER_SERIES
10/23/2026,1771.7,23612,268.1,ASSUMPTION_PLACEHOLDER_SERIES
10/26/2026,1777.89,23634,-627.3,ASSUMPTION_PLACEHOLDER_SERIES
10/27/2026,1779.43,23576,410.2,ASSUMPTION_PLACEHOLDER_SERIES
10/28/2026,1763.44,23580,422.2,ASSUMPTION_PLACEHOLDER_SERIES
10/29/2026,1749.46,23587,-107.5,ASSUMPTION_PLACEHOLDER_SERIES
10/30/2026,1733.41,23576,-566.9,ASSUMPTION_PLACEHOLDER_SERIES
11/2/2026,1750.4,23555,135.9,ASSUMPTION_PLACEHOLDER_SERIES
11/3/2026,1745.84,23580,-312.1,ASSUMPTION_PLACEHOLDER_SERIES
11/4/2026,1750.09,23607,-1007.9,ASSUMPTION_PLACEHOLDER_SERIES
11/5/2026,1745.92,23619,-528.2,ASSUMPTION_PLACEHOLDER_SERIES
11/6/2026,1754.15,23532,-142.7,ASSUMPTION_PLACEHOLDER_SERIES
11/9/2026,1739.21,23567,62.3,ASSUMPTION_PLACEHOLDER_SERIES
11/10/2026,1732.47,23625,264.1,ASSUMPTION_PLACEHOLDER_SERIES
11/11/2026,1721.63,23672,-318.6,ASSUMPTION_PLACEHOLDER_SERIES
11/12/2026,1741.99,23704,-48.3,ASSUMPTION_PLACEHOLDER_SERIES
11/13/2026,1751.56,23647,-77.1,ASSUMPTION_PLACEHOLDER_SERIES
11/16/2026,1773.6,23712,267.7,ASSUMPTION_PLACEHOLDER_SERIES
11/17/2026,1770.41,23738,-31.3,ASSUMPTION_PLACEHOLDER_SERIES
11/18/2026,1782.3,23766,-49.1,ASSUMPTION_PLACEHOLDER_SERIES
11/19/2026,1794.78,23715,-1066.1,ASSUMPTION_PLACEHOLDER_SERIES
11/20/2026,1790.51,23743,-857.5,ASSUMPTION_PLACEHOLDER_SERIES
11/23/2026,1799.94,23789,620.1,ASSUMPTION_PLACEHOLDER_SERIES
11/24/2026,1811.2,23797,-22.2,ASSUMPTION_PLACEHOLDER_SERIES
11/25/2026,1811.22,23757,-64.5,ASSUMPTION_PLACEHOLDER_SERIES
11/26/2026,1787.6,23770,842.2,ASSUMPTION_PLACEHOLDER_SERIES
11/27/2026,1819.47,23744,20.5,ASSUMPTION_PLACEHOLDER_SERIES
11/30/2026,1778.17,23752,103,ASSUMPTION_PLACEHOLDER_SERIES
12/1/2026,1762.12,23753,701.8,ASSUMPTION_PLACEHOLDER_SERIES
12/2/2026,1769.85,23753,210.7,ASSUMPTION_PLACEHOLDER_SERIES
12/3/2026,1748.16,23728,-1.7,ASSUMPTION_PLACEHOLDER_SERIES
12/4/2026,1770.16,23738,-88.4,ASSUMPTION_PLACEHOLDER_SERIES
12/7/2026,1747.34,23765,156.4,ASSUMPTION_PLACEHOLDER_SERIES
12/8/2026,1741.82,23748,188.8,ASSUMPTION_PLACEHOLDER_SERIES
12/9/2026,1730.09,23774,73.3,ASSUMPTION_PLACEHOLDER_SERIES
12/10/2026,1728.79,23820,-742.4,ASSUMPTION_PLACEHOLDER_SERIES
12/11/2026,1737.58,23736,94.2,ASSUMPTION_PLACEHOLDER_SERIES
12/14/2026,1752.6,23771,-70.2,ASSUMPTION_PLACEHOLDER_SERIES
12/15/2026,1766.63,23777,48.3,ASSUMPTION_PLACEHOLDER_SERIES
12/16/2026,1754.61,23795,289.2,ASSUMPTION_PLACEHOLDER_SERIES
12/17/2026,1751.13,23768,-587.1,ASSUMPTION_PLACEHOLDER_SERIES
12/18/2026,1758.81,23725,47.5,ASSUMPTION_PLACEHOLDER_SERIES
12/21/2026,1770.6,23764,839.4,ASSUMPTION_PLACEHOLDER_SERIES
12/22/2026,1776.3,23715,-481.1,ASSUMPTION_PLACEHOLDER_SERIES
12/23/2026,1787.97,23704,-122.1,ASSUMPTION_PLACEHOLDER_SERIES
12/24/2026,1789.13,23730,125.3,ASSUMPTION_PLACEHOLDER_SERIES
12/25/2026,1785.38,23747,-921.7,ASSUMPTION_PLACEHOLDER_SERIES
12/28/2026,1774.06,23739,36.8,ASSUMPTION_PLACEHOLDER_SERIES
12/29/2026,1748.61,23698,294.5,ASSUMPTION_PLACEHOLDER_SERIES
12/30/2026,1753.42,23736,-386.8,ASSUMPTION_PLACEHOLDER_SERIES
12/31/2026,1775.39,23700,181.9,ASSUMPTION_PLACEHOLDER_SERIES
